X,Y,OBJECTID,Site_ID,Site_Name,Site_Type,XOS,YOS,AQMA,Kerb,F2005_Mean,F2006_Mean,F2007_Mean,F2008_Mean,F2009_Mean,F2010_Mean,F2011_Mean,F2012_Mean,F2013_Mean,F2014_Mean,F2015_Mean,F2016_Mean,F2017_Mean,F2018_Mean,F2019_Mean,F2020_Mean,F2021_Mean,F2022_Mean,Relevant_E
-1.05536415461965,53.9862994592849,1,Tube_5,"Lampost 15 Forge Close, Jockey Lane (previously Parliament St)",R,462040,454883,OUT,1.9,22,20.9,20.5,21.6,25.5,25.8,22.4,23.8,17,19.3,16.2,16.7,16,15.2,16.2,14.3,12.1,12.1,16.9
-1.0905509889476,53.9553198225038,2,Tube_6,Lampost top of Nunnery Lane Car Park,R,459777,451406,IN,2.8,31.9,51.5,50.8,52.7,53.3,72.4,56.7,49.1,40.6,39,37.4,40.6,37.3,37.1,37.3,29.1,33.9,31.1,7.7
-1.08364705458989,53.9643902113161,3,Tube_7,Gillygate opposite Portland Street,R,460217,452421,IN,0.3,45.4,58,52.5,55.5,67.8,61,61.4,53.5,48.4,55.2,44.9,46.6,42.4,45.3,45.4,38.2,46.2,49.5,2.3
-1.08446078841449,53.9648188439117,4,Tube_8,Portland Street,B,460163,452468,OUT,1.8,19.1,21.3,23.8,25.9,27.7,25.9,25.6,25.3,20.9,20.1,16.3,17.6,15.7,15.5,18.1,12.5,12.7,13.4,3.7
-1.08446078841449,53.9648188439117,5,Tube_9,Portland Street - duplicate,B,460163,452468,OUT,1.8,20.2,18.3,21.6,25,27.6,25.8,26,28.2,21.6,19.2,15.3,18.1,15.7,15.7,17.6,12.3,12.6,13.6,3.7
-1.10555939225386,53.9661370409751,6,Tube_10,Lincoln Street,B,458777,452597,OUT,1.7,20.8,16.5,21.2,24.6,23.2,26.4,23.8,24.9,20.3,19.5,0,0,0,0,0,0,0,0,2.3
-1.10482496992811,53.9512924733366,7,Tube_11,Holly bank,B,458846,450946,OUT,0.7,21.9,19.5,19.8,25.9,25.6,26.7,24.4,22.9,21.8,18.6,15.8,19.3,14.7,15.6,17.9,12.5,13.2,13.6,7.7
-1.08428056447418,53.9639995653528,8,Tube_13,Papillion hotel -Gillygate,R,460176,452377,IN,1.5,33.7,44.2,44.8,51.9,59.6,61.4,57.7,61.7,46.5,48.3,45.5,44.9,42.5,42.6,40.7,38,46.5,45.5,0.1
-1.08442362701262,53.9637310150635,9,Tube_14,Gillygate Surgery,R,460167,452347,IN,2.3,41.5,48,47.1,53.9,67.6,58.3,62,53.4,50.7,52.2,47.1,47.5,43.6,46.6,44.3,40.2,47.5,47.3,1.5
-1.07030600031214,53.9556323791718,10,Tube_15,Lampost outside house closest to Tyre Shop on Foss Islands Rd,R,461105,451458,IN,1.9,40.7,45.9,39.9,41.3,47.1,47.2,46,41.6,35.8,37.7,37.4,38.1,35.9,36,34.7,28.7,30.7,29.5,1.9
-1.08476509473425,53.9529929791371,11,Tube_16,Prices Lane,R,460160,451152,IN,1.2,37.5,38.3,37.1,44.3,49.4,52.6,48,44.2,35.9,37.4,37.5,36.2,36,35.6,35.9,26.2,30.4,29.1,2.5
-1.09252873868736,53.9561796320074,12,Tube_17,Drainpipe of house 18 Queen St,R,459646,451500,IN,1.3,32.5,37.1,35.4,40.7,44.1,48.2,42.7,39.7,34.2,37.1,32.2,33.5,30.9,32.2,31.4,25,26,27.4,0.2
-1.07989405491442,53.9686937578872,13,Tube_18,Lamp-post 4 Haxby Road,R,460457,452903,IN,1.9,26.5,38.3,31.8,37.8,42.4,43,40.5,36,31.8,34.4,29.9,31.7,28.9,29.4,29.9,24,30.3,29.7,3.3
-1.08240106854802,53.9718497084611,14,Tube_19,Lamp-post 1 Feversham Crescent,B,460288,453252,OUT,1.1,21.9,24.2,25.2,30.1,26.9,31.6,28,28.1,20.4,22.9,0,0,0,0,0,0,0,0,3.5
-1.13715482047896,53.9773870699166,15,Tube_21,Nidd Close,B,456689,453823,OUT,1.5,21.9,21.6,23.7,25.7,0,0,0,0,0,0,0,0,0,0,0,0,0,0,13
-1.05920009741206,53.9663046076351,16,Tube_23,Heworth Rd/East Parade junction,R,461818,452655,OUT,2,28.2,29,33.3,32.9,38.7,40.5,38.4,33.7,27.8,29.8,0,0,0,0,0,0,0,0,15
-1.13774173307836,53.9207852170279,17,Tube_24,"Top Lane, Copmanthorpe",R,456727,447525,OUT,1.4,29.3,27.7,28.3,29.2,32,34.9,29.7,28.6,24.2,27.2,0,0,0,0,0,0,0,0,20.8
-1.0606675623803,53.966801434544,18,Tube_25,Heworth Road - Lamppost 6,R,461721,452709,OUT,1.4,28.4,33.9,35.8,36.5,37.5,40.1,36.2,31.3,27.9,29.3,26.1,25.2,20.9,20,22.4,17.1,18.8,18,7.2
-1.0741004293422,53.9742307839086,19,Tube_26,Haleys Terrace,R,460829,453524,OUT,0.4,28.4,26.5,30.6,31.8,38,37.1,34.1,29.9,25.9,30,24.1,25.7,28.3,26,26.7,21,26.4,25.8,8.5
-1.11745317674352,53.9890272943916,20,Tube_27,Blenheim Court,B,457965,455134,OUT,0.3,19.8,20.6,27,27.1,27.1,29.7,27.3,27.7,22.4,20.7,0,0,0,0,0,0,0,0,11.9
-1.0850782153256,53.9742159673233,21,Tube_29,Intake Ave/Lucas Ave,B,460109,453513,OUT,1.4,22,22.5,25.2,30.5,30,31.5,29.3,26,23.3,20.1,0,0,0,0,0,0,0,0,9.6
-1.08869337298702,53.9713403029163,22,Tube_30,Burton Stone Lane,R,459876,453190,OUT,1.4,22.5,24.1,25.1,25.2,30.7,31.2,0,0,0,0,0,0,0,0,0,0,0,0,7.2
-1.1090253542217,53.9407897746959,23,Tube_32,"St Helen's Road, Dringhouses",R,458585,449774,OUT,2.6,21.8,24.7,23.7,28.5,29.5,32.8,29.1,26.1,22.3,24.7,0,0,0,0,0,0,0,0,2.3
-1.07768068484548,53.9715888920863,24,Tube_33,Haxby Road (nr Whitecross Rd),R,460598,453227,OUT,1.7,26.6,29.5,27.7,33.1,37.9,37.4,34.5,30.6,24.2,28.3,26.9,25.8,26,23.7,23.5,20,22.5,21.8,14.5
-1.10812196135873,53.9553255949617,25,Tube_34,Lindley street,B,458624,451392,OUT,2.33,22.6,19.8,32.5,26.4,0,0,0,0,0,0,0,0,0,0,0,0,0,0,3.06
-1.12366016144029,53.9563386260697,26,Tube_35,Carr Lane,R,457603,451492,OUT,2.9,26.7,28.9,24.9,30.6,35.6,33.1,34.9,32.1,25.6,27.5,24.9,24.7,24.4,24.3,23.5,18.4,19.7,18.8,6.2
-1.07261548149307,53.9909906220182,27,Tube_36,New Earswick,R,460902,455390,OUT,2.01,21.7,22,22,24.6,0,0,0,0,0,0,0,0,0,0,0,0,0,0,20.16
-1.09447895397432,53.9533811026768,28,Tube_37,Jarvis Abbey Park,R,459522,451187,IN,2.7,29.4,32,38.5,39.9,45.9,49.1,42.6,40.5,34.5,37.5,33.2,31.9,33.3,31.1,29.6,22.6,23.2,23.1,21.6
-1.134383015452,54.0044296232107,29,Tube_39,Beckfield Lane,R,456834,456834,OUT,2.1,21.3,27.1,27.2,26.6,28.7,28.5,0,0,0,0,0,0,0,0,0,0,0,0,11.2
-1.1014781179596,53.9616935337823,30,Tube_40,Leeman Road,R,459051,452106,IN,1.1,24,28.7,30.8,30.1,30.4,36.1,32.5,30.4,25.5,27.1,0,0,0,0,0,0,0,0,17
-1.07662488284955,53.9634826419161,31,Tube_44,Lampost 8 Monkgate Cloisters,R,460679,452326,IN,1.6,29,27.9,32.5,33.4,35.7,37.9,35.1,30.6,26.5,30.3,25.7,24.3,22.4,22.9,22.3,18.4,18.9,17.8,2
-1.08202685381937,53.9673708524384,32,Tube_45,Clarence St,R,460319,452754,IN,2,30.2,34.3,37.4,39.7,42.6,44.2,41.3,38.9,32.9,35.6,31.1,32,29.5,31.6,31.4,25.7,28.9,29.5,3.6
-1.10044543529683,53.9487431603344,33,Tube_46,St Georges Place,R,459137,450666,OUT,1.9,28.8,25.8,23.7,24.9,30.1,28.2,25.5,23.8,0,22.5,0,0,0,0,0,0,0,0,13.1
-1.05540745817814,54.0052910528047,34,Tube_47,Strensall Road,R,462009,456996,OUT,0.8,26.1,35.4,30.5,32.6,38.2,37.8,36.5,30.8,28.2,28,27.6,28.3,28.4,26.9,26.8,21,22.1,22.6,19.2
-1.0733366191764,54.0031656564177,35,Tube_48,Haxby Road (Haxby Gates),R,460837,456744,OUT,1.9,20.4,28,23.2,21.4,25.8,22.9,0,0,0,0,0,0,0,0,0,0,0,0,12.7
-1.07628807990389,54.0166341048157,36,Tube_49,Haxby Main Street,R,460624,458240,OUT,1.1,19.7,25.3,23.5,23.5,0,0,0,0,0,0,0,0,0,0,0,0,0,0,13.76
-1.08207145408465,53.9750558889036,37,Tube_51,Wigginton Road,R,460305,453609,OUT,0.3,28,28.3,30.6,33.2,39.7,36.2,31,27.6,21.5,25.6,0,0,0,0,0,0,0,0,33.9
-1.0629337921648,53.9377519330903,38,Tube_53,Heath Croft,B,461615,449475,OUT,1.6,18.4,16.6,16.3,23,0,0,0,0,0,0,0,0,0,0,0,0,0,0,6.6
-1.04496093476159,53.9450076468882,39,Tube_57,Heslington Main Street (previously 61),R,462784,450298,OUT,2.1,21.1,19.1,17.8,18,21,22.9,19.7,18.7,16.7,18.8,0,0,0,0,0,0,0,0,3
-1.07777346174654,53.925867657746,40,Tube_58,Fulford Court,B,460658,448140,OUT,1.7,20.4,15.2,19.8,25.2,0,0,0,0,0,0,0,0,0,0,0,0,0,0,29
-1.09178349800365,53.9441570913173,41,Tube_59,Jamieson Terrace,B,459712,450163,OUT,1.3,20.4,17.5,21.6,22,22.8,24.7,21.2,20.4,17.4,17.7,0,0,0,0,0,0,0,0,4.8
-1.07158253319453,53.9585453596684,42,Tube_60,First lampost on Navigation Road,R,461017,451781,IN,0.2,26.5,27.4,30.4,26.5,29.9,33.9,0,27.1,19.7,27.3,21.3,21.2,22.5,19.8,22.9,17.2,17.2,15,13
-1.05883906585432,53.981662037835,43,Tube_62,"Lampost 46 outside house no 256 - New Lane, Huntington",R,461819,454364,OUT,2.5,20.9,20.9,21.6,22.4,0,0,0,0,0,0,0,0,0,0,0,0,0,0,20.9
-1.09953163297343,53.9721050219937,44,Tube_63,Lampost 2 Rawcliffe Lane near junction with Brompton Road,R,459164,453266,OUT,1.2,25,23.2,23.5,25.7,31.8,30.9,27.7,26.2,21.2,24.5,0,0,0,0,0,0,0,0,15.7
-1.09586175658111,53.9704956065351,45,Tube_68,"Lampost 3, Water Lane",R,459407,453090,IN,0.2,31.7,29.5,35.7,30.6,38.4,39.4,33.1,30.7,26.2,29.4,0,0,0,0,0,0,0,0,11.3
-1.11326884790351,53.9555164526032,46,Tube_69,"Lampost 14, Acomb road - opposite church of latter day saints",R,458286,451409,OUT,2.6,27,26.2,29.4,28.2,29.6,34.9,28.7,26.6,24.7,23.7,0,0,0,0,0,0,0,0,10.4
-1.13916657174243,53.956702288971,47,Tube_70,Outside house no.65 Wetherby Road,R,456585,451520,OUT,0.2,23.7,25.6,25.1,26.3,26.9,28.2,28.9,26.5,21.7,25.3,0,0,0,0,0,0,0,0,10.5
-1.08630661706085,53.94519415246,48,Tube_71,Lampst 27 Bishopthorpe Road near junction with Balmoral Terrace,R,460070,450283,OUT,2.4,23.4,20.7,25.2,25.9,27.5,29.5,24.3,24.2,19.3,20.2,0,0,0,0,0,0,0,0,8.6
-1.11818541013646,53.9875766333272,49,Tube_74,Manor Lane - outside No.91,B,457919,454972,OUT,1.4,21.5,19.2,24.1,26.4,0,0,0,0,0,0,0,0,0,0,0,0,0,0,12.1
-1.03141403619418,53.9516942362826,50,Tube_77,Lampost 2 Low Mill Close - off Field Lane,B,463663,451054,OUT,1.8,19.1,18.7,21.1,24.6,25.8,0,24.1,23.5,19.6,18.1,0,0,0,0,0,0,0,0,6.6
-1.03142927159994,53.9516943589545,51,Tube_77,Lampost 2 Low Mill Close - off Field Lane,B,463662,451054,OUT,1.8,19.1,18.7,21.1,24.6,25.8,0,24.1,23.5,19.6,18.1,0,0,0,0,0,0,0,0,6.6
-1.08469893179136,53.9636881707341,52,Tube_78,Gillygate air pollution station,R,460149,452342,IN,2.3,28.4,28.7,32.5,36.1,37.2,39.8,39.8,33.9,30.4,32.1,29,29.2,28.3,30.3,28.6,23.9,27.2,27.1,3.4
-1.08469893179136,53.9636881707341,53,Tube_79,Gillygate air pollution station - duplicate,R,460149,452342,IN,2.3,29,38.8,28.8,34.7,38.7,41.1,40.3,31.7,31.2,35.2,29.4,29.5,28.7,29.6,29.4,24.3,26.2,26.7,3.4
-1.08469893179136,53.9636881707341,54,Tube_80,Gillygate air pollution station - duplicate,R,460149,452342,IN,2.3,29.4,32.2,32,35.8,40.8,41.2,40.5,33.8,31.1,33,28.6,30.1,28.2,29.4,29.8,24.8,29.4,26.5,3.4
-1.05862162682772,53.9649159329419,55,Tube_81,Drainpipe 27 Melrosegate,B,461858,452501,OUT,13.6,23.9,20.6,24.5,24,26.1,30.3,0,25.5,17.9,17.1,0,0,0,0,0,0,0,0,0.1
-1.05704774868691,53.9603556914323,56,Tube_82,Lampost 34 Fifth Ave junction with Melrosegate,B,461968,451995,OUT,0.7,22.4,20.8,24.7,27.4,27.1,28.2,27.8,26.2,21.8,20.1,0,0,0,0,0,0,0,0,12.3
-1.06253307376417,53.9679035337043,57,Tube_83,Drainpipe 6 Stockton Lane - nr Heworth Rd roundabout,B,461597,452830,OUT,8.8,23.7,22.3,25.4,27.6,27.5,28.9,28.8,27.5,22.3,20.7,18.3,20.9,22.6,20.2,19.9,13.8,14.9,14.6,0.1
-1.06681680408239,53.9521809279154,58,Tube_84,Lampost 14 Outside 112 Heslington Lane,R,461339,451077,OUT,2.6,22.3,25.6,27.7,26.2,30.6,33.3,28.6,27.2,20.5,22.9,0,0,0,0,0,0,0,0,5.2
-1.10977604783368,53.9599576533005,59,Tube_85,"Lampost 2 Hillary Garth off Renshaw Gardens, off Poppleton Road",B,458509,451906,OUT,0.4,21.3,18.7,22.1,21.8,21.7,22.5,20.9,22.6,18.1,16.2,0,0,0,0,0,0,0,0,7.2
-1.03329810274566,53.9591874006426,60,Tube_86,"Telegraph pole 1A, opposite school/nursery, Murton Way, Osbaldwick",B,463528,451886,OUT,1.3,22.8,18.2,20.4,24.5,23.5,26.1,0,0,0,0,0,0,0,0,0,0,0,0,17.5
-1.01500494766238,53.9567650495653,61,Tube_87,Lampost 142 Top of Hull Road Near Grimston Bar Roundabout,R,464732,451633,OUT,2.2,21.3,21.4,19.5,25.1,31.2,30,0,25.1,20.7,25.1,0,0,0,0,0,0,0,0,9.4
-1.03593173348837,53.9599815027657,62,Tube_88,Lampost 1 Yew Tree Mews Osbaldwick Village,B,463354,451972,OUT,0.6,0,17,20.4,21.4,20.4,19.8,21.4,19.1,15.7,15.7,12.8,13.2,13.1,11.9,13.8,9.9,9.3,10.4,4.9
-1.1393369867721,53.9335775370174,63,Tube_89,Lampost 1 Cairnborrow off Moor Lane,B,456605,448947,OUT,1.5,0,16.6,19.3,20.5,24.5,22.5,22.5,20.8,18.8,15.9,0,0,0,0,0,0,0,0,5.7
-1.08745268732909,53.9436389480638,64,Tube_90,Lampost Opposite Montaque Street on Cambleshon Road,R,459997,450109,OUT,1,0,0,19.5,20.7,24.9,26.3,19.7,20.8,17.3,19.4,16,17.6,15.6,15.7,15.7,10.9,11,11.4,19.8
-1.07030090804929,53.9634069559837,65,Tube_91,"Lampost 12 Layerthorpe, opposite flats",R,461094,452323,OUT,2.6,0,0,28.1,32.8,37.7,36.6,28.6,0,0,0,0,0,0,0,0,0,0,0,18.3
-1.06883622094796,53.9621013516322,66,Tube_93,On NO PARKING SIGN just over bridge on left hand side on Hallfield Road,R,461192,452179,OUT,2,0,0,24,24.4,24.6,0,0,0,0,0,0,0,0,0,0,0,0,0,0.2
-1.1561990381248,53.9297513550196,67,Tube_94,"Lampost Church Close, Askham Bryan",B,455503,448508,OUT,1.7,0,0,17.4,18.6,0,17.2,0,18.2,13.9,12.2,0,0,0,0,0,0,0,0,6.3
-1.07264013177006,53.9376204848493,68,Tube_96,Heslington Lane,R,460978,449452,OUT,2.5,0,0,0,0,32.6,0,0,0,24.2,26.8,23.3,22.8,20.9,20.5,20.9,14.4,15.2,14.8,1.5
-1.18497598134384,53.9543970064364,69,Tube_97,Rufforth Playing Fields,B,453582,451228,OUT,90,0,0,0,0,0,19,18.7,18.7,14.6,0,0,0,0,0,0,0,0,0,176
-1.19673023381452,53.956507352049,70,Tube_98,Rufforth Village,R,452808,451454,OUT,1.5,0,0,0,0,0,21.1,20,18.4,16.3,18,0,0,0,0,0,0,0,0,2.5
-1.14799863302172,53.9735006813104,71,Tube_99,A59 Opposite Wyevale Garden Centre,R,455983,453382,OUT,1,0,0,0,0,27.3,28.5,29.6,0,0,0,0,0,0,0,0,0,0,0,20
-1.14427684065826,53.9728451095129,72,Tube_100,House Near A59 Ringroad Roundabout,R,456228,453312,OUT,15,0,0,0,0,26.3,28.2,26.9,24.1,20.4,23.1,19.5,20.5,18.7,17.7,18.3,13.2,14.3,14.1,0.2
-1.09014504247769,53.995681400742,73,Tube_101,Wiggington Road near the ringroad roundabout,R,459746,455897,OUT,0.5,0,0,0,0,43.5,47.1,43.2,39.6,32.6,35.8,33.8,32.7,32.2,29.1,31.2,23,24.5,22.5,15
-1.10671944195876,53.9646356869064,74,Tube_102,Signpost between houses 252 & 254 on Salisbury Terrace - triplicate,R,458703,452429,OUT,1,0,0,0,0,0,46.6,40.6,39,36,34.5,31.9,32.1,29.8,31.5,30.8,23.7,28.8,25.4,0.2
-1.10671944195876,53.9646356869064,75,Tube_103,Signpost between houses 252 & 254 on Salisbury Terrace - triplicate,R,458703,452429,OUT,1.4,0,0,0,0,0,0,40.7,38.5,34.1,37.6,31.1,32.7,30.9,31.8,30.5,21.7,29.1,28.5,0.1
-1.10671944195876,53.9646356869064,76,Tube_104,Signpost between houses 252 & 254 on Salisbury Terrace - triplicate,R,458703,452429,OUT,1.4,0,0,0,0,0,0,41.1,39.9,36.1,36.9,31,32.9,31.7,31.2,31.4,24.4,29.2,28.4,0.1
-1.09091868321311,53.9566348451213,77,Tube_105,Drainpipe outside 20 Toft Green (Motorbike shop),R,459751,451552,OUT,6.5,0,0,0,0,0,0,29.8,28.6,23.1,23.7,0,0,0,0,0,0,0,0,0.2
-1.10687299598791,53.9645828995829,78,Tube_106,Signpost corner of 21 Salisbury Terrace,R,458693,452423,IN,2,0,0,0,0,0,0,0,29.8,0,0,0,0,0,0,0,0,0,0,0.1
-1.10556924281814,53.9642496447807,79,Tube_107,Inbetween corner shop & betting office,R,458779,452387,OUT,3.8,0,0,0,0,0,0,24.6,22.8,18.8,20.7,18.9,21,18.1,18.8,18.7,14,15.9,15.5,3
-1.10503852630607,53.9641198654593,80,Tube_108,On signpost opposite side of road from 200 Salisbury Terrace,R,458814,452373,OUT,1.5,0,0,0,0,0,0,33.1,31.4,22.9,26.3,23.5,19.2,22.2,21.6,22.3,18.8,20.1,20.6,0.2
-1.08822763331859,53.9591400906275,81,Tube_109,Signpost outside 16 Rougier Street,R,459924,451833,IN,2.5,0,0,0,0,0,0,58.5,56.5,0,0,46.4,45.4,43.3,45.1,46.7,38.8,39.3,43.7,0.2
-1.0873188605928,53.9581804715867,82,Tube_110,Signpost inbetween Club Salvation & 31 George Hudson Street,R,459985,451727,IN,2.3,0,0,0,0,0,0,0,61.8,48.6,51.3,46.6,46.4,45.8,43.6,45.3,34.4,39.3,37.2,0.2
-1.08835485015684,53.9581973175674,83,Tube_111,Lampost at side of Cedar Court opposite entrance to Multistorey Car Park on Tanner Row,R,459917,451728,OUT,2.6,0,0,0,0,0,0,35.7,35.4,28.1,31.9,25.1,26.3,25.9,25.6,28,19.8,20.6,17.8,26
-1.08903392117447,53.9578069931984,84,Tube_112,"Lampost outside St Gregorys Mews, opposite Council HQ Toft Green",R,459873,451684,OUT,2.3,0,0,0,0,0,0,31.9,28.1,24.5,27.2,23.3,22.3,22.6,22.5,23.3,17.7,17.3,17,1
-1.08997045952064,53.957490517387,85,Tube_113,Lampost opposite Tru Nightclub Toft Green,R,459812,451648,OUT,0.2,0,0,0,0,0,0,32,0,24.4,23.9,0,0,0,0,0,0,0,0,11.7
-1.08736982652357,53.9586392447215,86,Tube_114,Bus Stop outside Society bar/cafe Rougier Street,R,459981,451778,IN,2.7,0,0,0,0,0,0,0,46.6,40,41.5,39.3,41.7,39.8,38,38.5,29,33.8,34.4,30
-1.0876607234887,53.9585785360396,87,Tube_115,Inside Bus Stop  opposite side of road from tube 114,R,459962,451771,IN,1.5,0,0,0,0,0,0,0,49.3,38.5,48.4,42.6,0,0,59.7,59.2,48.8,44.7,50.9,47
-1.11427702677205,53.9611683079556,88,Tube_116,"111 Poppleton Road, drainpipe to the right of the door",R,458212,452037,OUT,5.3,0,0,0,0,0,0,0,34.1,29.1,31.5,28,28,27.7,26.1,25.9,19.4,22.5,21.6,0.1
-1.13573559859424,53.9582775312643,89,Tube_117,Telegraph Pole at entrance to Knapton Lane off Beckfield Lane,R,456808,451698,OUT,1.4,0,0,0,0,0,0,0,19.3,17.2,20.2,0,0,0,0,0,0,0,0,11.8
-1.09706126846892,53.9693092165639,90,Tube_118,Clifton Green Lampost 3,R,459330,452957,IN,1.7,0,0,0,0,0,0,0,29.4,22.4,25.2,0,0,0,0,0,0,0,0,4.3
-1.08872836679097,53.9711338448466,91,Tube_119,Burton Stone Lane Lampost 17 outside No.142,R,459874,453167,OUT,1.5,0,0,0,0,0,0,0,0,0,0,0,0,0,0,0,0,0,0,3.6
-1.07415273858904,53.9443102343856,92,Tube_120,Maple Grove Lampost 1,R,460869,450195,OUT,10,0,0,0,0,0,0,0,22.5,20.8,22.7,0,0,0,0,0,0,0,0,18.2
-1.06243334476844,53.9383322539409,93,Tube_121,Telegraph Pole outside 52 Heath Moor Drive,R,461647,449540,OUT,0.1,0,0,0,0,0,0,0,17.6,14.3,0,0,0,0,0,0,0,0,0,9.8
-1.14801149502732,53.9736176152651,94,Tube_122,Telegraph Pole Outside 88 Station Road Poppleton,R,455982,453395,OUT,1,0,0,0,0,0,0,0,0,0,0,0,0,0,0,0,0,0,0,11.5
-1.08885266113578,53.971026930928,95,Tube_123,Burton Stone Lane Lampost 13 Outside no.138,R,459866,453155,OUT,1.9,0,0,0,0,0,0,0,26.9,21.4,23.5,0,0,0,0,0,0,0,0,3.6
-1.07299914114051,53.9688924673772,96,Tube_124,Telegraphpole outside 59 Huntington Road,R,460909,452931,OUT,0.2,0,0,0,0,0,0,0,0,0,0,0,0,0,0,0,0,0,0,8.7
-1.03837092853034,53.9599560981857,97,Tube_125,Osbaldwick Derwenthorpe,R,463194,451967,OUT,1.6,0,0,0,0,0,0,0,0,17.1,17.5,15.8,14.5,14.7,14.2,14.2,12,10.6,11.5,20
-1.03399698289779,53.9592828950508,98,Tube_126,New Tube (Osbalwick Parish Council) nr Bridge,R,463482,451896,OUT,0.9,0,0,0,0,0,0,0,0,0,19.6,16,16.5,16.1,16.3,16,13.9,13.9,13,17.5
-1.07008954821787,53.9633154418415,99,Tube_127,Lampost to left of 102 Layerthorpe (flats),R,461108,452313,OUT,1.8,0,0,0,0,0,0,0,0,0,24.4,23,24,22.8,19.3,19.5,17.6,18.3,20.1,3.3
-1.10699003282341,53.9640984193903,100,Tube_128,Drainpipe between 7-9 Livingstone Street,R,458686,452369,OUT,1.6,0,0,0,0,0,0,0,0,0,22.5,18.6,19.2,18.6,19.1,19.1,13.5,14.9,15.1,0.1
-1.14822453942518,53.9736370997742,101,Tube_129,Drainpipe to front of 88 Station Road,R,455968,453397,OUT,14.5,0,0,0,0,0,0,0,0,0,21.1,17.4,16.9,17.2,15.9,16.7,11.2,12.7,12.4,0.1
-1.03141403619418,53.9516942362826,102,Tube_130,Site relocated from Low Mill Close (new from April 2015),R,463663,451054,OUT,1.1,0,0,0,0,0,0,0,0,0,0,0,14.7,13.9,13.5,13.3,10.5,10.1,10.5,13.6
-1.07586013955555,53.9518642881402,103,Tube_2a,Attached to Fishergate Monitoring station - triplicate,R,460746,451034,IN,3.5,24.2,30.6,33.8,35.2,38,45.6,34.5,34.8,29.7,30.6,28.6,28.6,25.3,24.5,24.1,17.6,18.7,17.9,16.3
-1.07586013955555,53.9518642881402,104,Tube_2b,Attached to Fishergate Monitoring station - triplicate,R,460746,451034,IN,3.5,26.3,27.6,34.6,35,36.9,45.5,34.7,33.7,29.4,29.9,26.5,28.4,25.5,25.5,24.8,18.1,18.4,18.1,16.3
-1.07586013955555,53.9518642881402,105,Tube_2c,Attached to Fishergate Monitoring station - triplicate,R,460746,451034,IN,3.5,0,0,0,0,38.7,44.9,36,32,31.2,32,26.3,27.2,24.8,24.8,23.4,18,18.8,18.4,16.3
-1.08652052968569,53.9675219100641,106,Tube_3a,Attached to Bootham Monitoring Station - triplicate,B,460024,452767,OUT,49.6,18.5,18.7,20,21.6,24.4,25.6,24,27.9,20.3,17.4,14.4,16.1,14.5,14.8,16.4,12.3,12,12,39
-1.08652052968569,53.9675219100641,107,Tube_3b,Attached to Bootham Monitoring Station - triplicate,B,460024,452767,OUT,49.6,21.5,18,20.9,22.5,24.6,24.4,25.9,24.8,18.9,19,15.1,17.1,15.5,15.3,16.8,11.6,12.5,11.7,39
-1.08652052968569,53.9675219100641,108,Tube_3c,Attached to Bootham Monitoring Station - triplicate,B,460024,452767,OUT,49.6,19.3,19.7,22.1,24.1,24.5,24.6,25.5,23.1,19.5,16.2,16,19.7,15.6,15.1,16.8,11.9,13.8,12.5,39
-1.07324676354016,53.9377420075486,109,Tube_95a,Fulford air pollution station - triplicate,R,460938,449465,OUT,6.5,0,0,0,0,35,37.9,32.4,30.1,26.2,25.9,24.4,23.1,22.6,21.5,21.9,16.8,16.9,16.4,19
-1.07324676354016,53.9377420075486,110,Tube_95b,Fulford air pollution station - triplicate,R,460938,449465,OUT,6.5,0,0,0,0,32.5,39.7,31.8,29.1,24.4,27.5,24.6,24,22.5,21.7,22.4,16.6,16.3,17.3,19
-1.07324676354016,53.9377420075486,111,Tube_95c,Fulford air pollution station - triplicate,R,460938,449465,OUT,6.5,0,0,0,0,33.8,41.4,32.8,29.1,25,24.7,25,24.1,23.3,21.5,22.7,16.5,16.5,16.6,19
-1.08446078841449,53.9648188439117,112,Tube_9a,Portland Street - duplicate,B,460163,452468,OUT,1.8,20.4,18.9,24.7,27.1,27.2,26.3,25,24.9,21.1,19.8,15.5,18.7,16.2,15,18.3,12.4,12.6,13.3,3.7
-1.08564409343486,53.9629853094058,113,Tube_A1,Bootham traffic light outside dance shop,R,460088,452263,IN,2.3,39.8,55.5,57.2,58.8,69.5,73.4,61.7,56.9,51.6,52.3,46,54.3,43.9,43.5,43,36.4,43.6,44.1,0.2
-1.09687709423728,53.9700718118985,114,Tube_A11,Traffic lights end of Water Lane,R,459341,453042,IN,0.4,27.3,33.8,42.4,40.4,46.1,49.2,43.5,43.1,34.1,37.4,33.6,30.9,30,31.3,29.8,23.6,25.8,24.8,13.6
-1.09825551222391,53.9697765628828,115,Tube_A12,Lampost 7 Clifton Green,R,459251,453008,IN,2.2,30.2,34.8,38.2,39.9,48.7,52.4,43.6,36.4,30.7,33.8,28.7,29,27.7,30.3,27.7,20.1,22.4,22.6,12.9
-1.09699010688445,53.9690749948877,116,Tube_A13,Lampost 1 Clifton Dale - triplicate,B,459335,452931,OUT,1.6,22.2,24.5,24.9,29,27.3,29.6,26.6,27.3,20.8,19.7,16.4,18.7,16,16.3,17.3,12.9,13.8,13,2.7
-1.09699010688445,53.9690749948877,117,Tube_A14,Lampost 1 Clifton Dale - triplicate,B,459335,452931,OUT,1.6,21.4,22.8,26.1,29.4,27.2,28.9,26.1,26.2,21.8,19.9,16.4,19.1,15.1,16,17.7,13,13.6,12.4,2.7
-1.09699010688445,53.9690749948877,118,Tube_A14a,Lampost 1 Clifton Dale - triplicate,B,459335,452931,OUT,1.6,23.4,23,25.8,28.9,27,29.5,25.4,26,22,20,15.2,18.8,16.3,17.1,17.8,12.3,13.5,12.8,2.7
-1.09738038419203,53.9693565516669,119,Tube_A15,"Outside Inglewood Hotel, Clifton Green (previously 60 tube)",R,459309,452962,IN,2.2,22.7,27.1,25.7,29.2,29.6,32.3,0,0,0,0,0,0,0,0,0,0,0,0,1
-1.1011959984968,53.9684413868814,120,Tube_A16,Water End,B,459060,452857,OUT,10.4,20.2,23.7,23.3,27.5,28.4,31.7,28.1,0,0,0,0,0,0,0,0,0,0,0,0.2
-1.1086162539917,53.9650362414592,121,Tube_A17,Sailsbury Road,R,458578,452472,OUT,1.5,35.2,33.1,32.5,34.8,39.4,42.2,34.9,35.3,28.9,32.3,27.6,29.6,27.6,28.7,27.6,21.5,24.7,23,8.7
-1.10656991621555,53.9644997570291,122,Tube_A19,17 Sailsbury terrace - triplicate,R,458713,452414,OUT,1.3,30.2,36.4,37,35.3,44.3,40.2,36.8,33.8,30.2,31.6,27.7,26.8,27.7,26.4,27.2,21.7,22.7,23.6,0.2
-1.10656991621555,53.9644997570291,123,Tube_A19a,17 Sailsbury terrace - triplicate,R,458713,452414,OUT,1.3,0,0,0,0,0,0,36.4,33.6,28.3,30.9,28.8,27.3,28.7,26.4,27.4,20.9,23.3,23.1,0.2
-1.10656991621555,53.9644997570291,124,Tube_A19b,17 Sailsbury terrace - triplicate,R,458713,452414,OUT,1.3,0,0,0,0,0,0,41.6,33.4,28.7,31.9,28.6,27.9,28.5,27.3,27.2,21.3,22.7,22.7,0.2
-1.08822229224544,53.9642811753921,125,Tube_A2,Drainpipe on front of registry office,R,459917,452405,IN,3.4,33.8,41.5,37.7,38.4,46.8,46.9,46.7,41.2,35.4,0,31.1,30.6,30.3,27.9,30,23.8,25.7,26.1,0.2
-1.10585554272991,53.9644045687475,126,Tube_A20,224 Sailsbury terrace - triplicate,R,458760,452404,OUT,1.1,29.2,42.1,34.6,41.6,42,45.1,37.2,34.4,31.2,32.5,28.7,34.6,29.1,29.3,30,23.5,27.2,25.4,0.2
-1.10585554272991,53.9644045687475,127,Tube_A20a,224 Sailsbury terrace - triplicate,R,458760,452404,OUT,1.1,0,0,0,0,0,0,37,38.7,32.4,35.6,28.8,30.2,27.4,30,29.4,22.5,28.6,25.4,0.2
-1.10585554272991,53.9644045687475,128,Tube_A20b,224 Sailsbury terrace - triplicate,R,458760,452404,OUT,1.1,0,0,0,0,0,0,38.3,37.7,30.7,34.3,29.3,31.5,29.5,28.8,29.1,23.7,28.9,26.6,0.2
-1.10516947758821,53.9636984060691,129,Tube_A21,Kingsland Terrace,B,458806,452326,OUT,1.4,22.2,24.2,28,30.6,30.6,30.4,29.4,30.3,22.7,22.8,18.5,20,19.3,17.9,21.5,15.5,14.9,16.6,0.2
-1.10539897215973,53.9629451253041,130,Tube_A22,Kingsland Terrace,B,458792,452242,OUT,23.8,23.9,21.9,25.8,29,28.9,30.7,28.9,28.9,23,22.4,18.1,21.7,19.1,19,21.2,14.5,15.8,16.9,0.2
-1.10473232319432,53.9634704539221,131,Tube_A23,Brunel Court,B,458835,452301,OUT,0.8,20.7,19.9,23.3,28.1,28.8,0,0,31.2,20.5,19.3,0,0,0,0,0,0,0,0,7.4
-1.10484086793248,53.9626713339622,132,Tube_A24,Aldborough Way,B,458829,452212,OUT,1.6,23.5,24,27.8,26.1,27.5,28.4,28.6,30,22.5,22,0,0,0,0,0,0,0,0,8.2
-1.1067128499313,53.9628020961181,133,Tube_A25,Garfield Terrace,R,458706,452225,OUT,1.5,24.8,28.9,28.6,30.3,30.8,35.3,30.2,29.2,26,28.4,22.6,22.9,21.8,21.6,20.2,15,18,18.2,0.2
-1.10715882472185,53.9640457448533,134,Tube_A27,Livingstone Street,R,458675,452363,IN,7.8,22.3,22.2,22,26.8,29.8,28.3,0,25.3,21,22.9,0,0,0,0,0,0,0,0,1.5
-1.13498554162123,53.9702260815392,135,Tube_A28,Trenchard Road -Boroughbridge Road,B,456841,453028,OUT,0.2,22.8,16.8,23,22.8,22.9,24.4,21.9,21.7,18.4,17.1,0,0,0,0,0,0,0,0,24.6
-1.13349459065116,53.9700805304239,136,Tube_A29,Low Poppleton Lane,B,456939,453013,OUT,1.1,20.7,24,25.1,28.1,29.4,27,27.8,29.8,22.8,21,18.3,20,18.1,17.3,19.3,12.9,15.2,17,23.6
-1.08965311030953,53.9650739674181,137,Tube_A3,WRVS building -Bootham,R,459822,452492,IN,2.6,27.3,31.5,31.7,34.7,46.7,44.2,39.5,36.3,30.5,34.4,29.2,28.2,26.7,26.7,27.4,21.7,23.4,22.2,0.2
-1.13167362256384,53.9689439048712,138,Tube_A30,Boroughbridge Road,B,457060,452888,OUT,6.2,26.3,21.3,24.5,27.8,24.9,28.1,25.1,24.1,21.2,22.1,17.8,20.7,18.4,17.8,19.7,13.3,15.8,15.1,8.3
-1.13050486439581,53.9687017744948,139,Tube_A31,Millgates,B,457137,452862,OUT,1.2,18.9,20.9,19.8,23.7,23.4,22,23,22.2,17.7,17.4,0,0,0,0,0,0,0,0,13.4
-1.12875893529717,53.967628561611,140,Tube_A32,The Paddock,B,457253,452744,OUT,2,20.2,18.5,20.9,24.4,24.3,24.4,25.3,26.4,19.7,17.9,0,0,0,0,0,0,0,0,3.4
-1.12988398663664,53.9677715256782,141,Tube_A33,Wheatlands Ave,B,457179,452759,OUT,1.3,22.2,17,20.9,24.6,22.4,24.2,22.2,22.2,19.9,19.4,0,0,0,0,0,0,0,0,8.6
-1.12314532375814,53.9649093597131,142,Tube_A36,Boroughbridge Road,B,457625,452446,OUT,9.4,20.7,21.3,21.9,27.3,0,25.5,25.1,22.7,0,0,15.2,22.3,15.8,15.8,18.4,11.4,13.7,14.1,0.2
-1.11963075152653,53.9638770346131,143,Tube_A38,Boroughbridge Road,B,457857,452334,OUT,10.3,20,19.9,22.6,25.7,24.1,26.4,22.6,25.8,20.6,19.1,15.3,18.3,14.3,15.1,16.3,11.8,12.6,13,0.2
-1.11767635330706,53.9633144479735,144,Tube_A39,Manor Drive North,B,457986,452273,OUT,1.3,22.2,22.9,23.5,27.8,23.5,25.2,24.2,24.4,21.5,18,0,0,0,0,0,0,0,0,2.2
-1.09149921710139,53.9664001696321,145,Tube_A4,St Olaves Road,B,459699,452638,IN,0.7,23.7,22.6,27,33.1,31,32.9,0,28.3,24.6,21,18.2,20.5,18.2,18.3,20,13.9,14.5,15.6,5.8
-1.11581646689163,53.9626087180298,146,Tube_A40,Poppleton Road School,B,458109,452196,OUT,7.9,24.1,23.8,26.5,29.9,28.8,31.2,27.8,30.7,25.6,22.9,17.8,22.7,18,19.3,21.2,14,16.3,16.1,0.2
-1.11487309663953,53.9618108402125,147,Tube_A41,140 Poppleton Road,R,458172,452108,OUT,5.3,25,25.1,23.4,26,29.8,32,28,27.1,22.3,26,20.6,23,19.9,21.2,20.7,15.3,18.1,16.8,0.2
-1.1141259670653,53.9611042797376,148,Tube_A42,lampost 33 Poppleton Road (previously at 111 Poppleton Rd),R,458222,452030,OUT,1.7,27.1,41.5,34.3,34.7,42.6,45.3,42.3,37.8,33.5,31.4,0,0,0,0,0,0,0,0,2.2
-1.1129788423176,53.9605745236581,149,Tube_A43,Poppleton Road,R,458298,451972,OUT,3,24.6,27.2,30.8,28,28.2,36.7,29.1,29,22.2,26.2,0,0,0,0,0,0,0,0,1.2
-1.11224776647983,53.9598321175903,150,Tube_A44,"Just down from lampost 27, on the concrete post next to bench outside the allotments",B,458347,451890,OUT,4.3,24,20.7,21.8,0,0,0,0,0,0,0,0,0,0,0,0,0,0,0,15.7
-1.11169785991408,53.9591719367083,151,Tube_A45,Grantham Drive,B,458384,451817,OUT,10.5,19.4,19.2,21.4,28.8,24.4,23.6,21.8,22.8,19.8,18.8,14.3,16.1,13.3,14.5,16.3,10.6,12,12.5,0.2
-1.11056245684101,53.9580939792213,152,Tube_A46,Chelwod Walk,B,458460,451698,OUT,2.1,22.4,19.5,20.7,25.9,22.3,25.5,22.2,23.2,20.6,18.5,0,0,0,0,0,0,0,0,6.8
-1.10990324864656,53.9575588135866,153,Tube_A47,St Swithens Walk,B,458504,451639,OUT,1.1,21.9,21.7,19.7,25.2,22.9,23.4,21.6,22.7,19,16.8,0,0,0,0,0,0,0,0,8.9
-1.10746745771408,53.9560038223514,154,Tube_A48,9 Poppleton Road,R,458666,451468,OUT,4.9,28.2,31.6,26.6,33.4,36.3,36.2,32.9,28,25.4,26.9,23.7,21.6,0,0,0,0,0,0,0.2
-1.10794701424217,53.9563848741552,155,Tube_A49,Poppleton Road,R,458634,451510,OUT,4.4,27.7,32,25.6,31.4,33.4,35.1,33.4,31.3,25.7,26.6,0,0,0,0,0,0,0,0,0.2
-1.09308589607626,53.9670413014285,156,Tube_A5,Opposite Burton Stone Lane junction,R,459594,452708,IN,0.3,35,32.2,34.1,39.4,48.9,48,42.7,40.5,35,40.9,0,0,0,0,0,0,0,0,10.6
-1.10647617174455,53.9553223652704,157,Tube_A50,Outside Fox pub - Holgate Rd,R,458732,451393,IN,0.3,25.4,32.3,28.1,37.2,37,40.2,38.1,34.1,30.6,0,26.2,24.6,26.1,26.4,26.2,21.4,22.5,23.8,16.1
-1.10503729320375,53.9549072077746,158,Tube_A51,Thrall entrance,B,458827,451348,IN,2.2,22.2,23.8,24.9,29.8,32.3,32.7,32.9,29.8,24.8,23.8,19.9,22.8,20.6,19.5,22.1,15.4,17.9,18.4,18
-1.1032574222929,53.9540490812536,159,Tube_A52,Holgate Road (cornor of Hamilton Dr East),R,458945,451254,IN,2,31.3,36.9,37.3,39.6,45.6,46.8,40.9,38.5,34.6,37.1,31,31.9,29.7,31.5,30.7,24.6,27.9,26.6,10.9
-1.1014166913966,53.9539005210336,160,Tube_A53,Holgate Road,R,459066,451239,IN,2.7,30.9,38.5,26.4,35.9,41.2,45,40.4,36.7,32.4,32.2,30.8,30.6,28.8,29.3,30.6,23.4,28.1,27.5,7.9
-1.09855532323773,53.9537352973849,161,Tube_A54,Dalton Terrace,R,459254,451223,IN,3.3,32.1,42.7,39.7,0,0,0,0,0,0,41.3,36.9,33.7,33.1,35.2,31.4,25.1,30.9,27.9,17.1
-1.09707777694283,53.9537062357793,162,Tube_A55,Holgate Road,R,459351,451221,IN,0.2,31.4,40.2,41,40.2,43.6,44.2,40.9,39.9,35.3,36.3,31.8,29.5,29.7,29.3,30.1,24.2,28,26.8,5.5
-1.09525552456389,53.9541149727551,163,Tube_A56,Holgate Road,B,459470,451268,IN,10.2,28.3,31,30.1,37.1,36.2,41,35.6,39.3,32.9,30.2,26.3,30,26.4,25.8,28.1,19.8,21.7,22.3,0.2
-1.0942932906625,53.9542155845213,164,Tube_A57,Hairdressers Holgate Road,R,459533,451280,IN,2.8,44,66.2,60.4,60,66,73.4,62.5,54.2,51.6,49.2,46.9,47.7,43.1,45.3,45.5,33.7,43.5,38.1,0.2
-1.09961216609241,53.9711978391466,165,Tube_A59,Shipton Road,B,459160,453165,OUT,10.6,27.3,30.7,26.8,33.1,28.2,32.4,30.5,28.9,25.1,23.8,0,0,0,0,0,0,0,0,0.2
-1.0939498259722,53.9679735739257,166,Tube_A6,Clifton Bingo Hall,R,459536,452811,IN,3,26.7,30.3,26.7,32,34,0,35.5,31.4,27.1,28.8,25.5,24.4,24.2,23.9,23.5,17.9,18.5,18.9,6.2
-1.10346243126275,53.9722242651272,167,Tube_A60,Shipton Road,B,458906,453276,OUT,21.5,21.1,21.9,22.6,26.6,21.5,23.6,21.8,22.9,18.6,16.7,13.4,14.9,13.2,13.5,14.7,9.7,10.7,11.2,0.2
-1.10330652915378,53.9723848866495,168,Tube_A61,Shipton Road,R,458916,453294,OUT,0.5,30.5,28.1,29.4,30.9,0,0,0,0,0,0,0,0,0,0,0,0,0,0,17.2
-1.10494688167925,53.9740958304587,169,Tube_A62,42 Shipton Road,B,458806,453483,OUT,15.7,22.8,19.9,18.8,23.2,17.7,21.1,0,21.1,16.4,15.3,13.6,14.7,13.8,13,15.3,10.1,11.2,11.9,0.2
-1.1048339824763,53.9736725556337,170,Tube_A63,outside 36 Shipton Road,R,458814,453436,OUT,1,24,27.9,24.9,30,35.7,36.4,32.2,26.8,26.2,27.7,0,0,0,0,0,0,0,0,15.8
-1.08651544422027,53.9635671614973,171,Tube_A64,Lamppost outside Charlie Browns,R,460030,452327,IN,0.6,27.5,42.6,35.1,36.3,46.9,50.6,40.5,38.1,35.6,35.1,29.3,32.4,28.3,30,28.6,20.8,24.8,23.7,2.4
-1.10634320826996,53.975103876519,172,Tube_A65,Entrance to Heathers,R,458713,453594,OUT,2.9,21.7,26.6,24.4,25.7,28.2,32.8,28.9,26.4,21.3,24,0,0,0,0,0,0,0,0,23.2
-1.10695072382988,53.9759262902378,173,Tube_A66,70 Shipton Road,B,458672,453685,OUT,18.4,21.7,20.4,20.2,26.9,23.2,25.4,23.8,26.3,18.9,18.1,14.5,16.5,14.7,13.9,16.3,10.6,12,12.7,0.2
-1.1114260869241,53.9784131398361,174,Tube_A69,6 South Cottages,B,458375,453958,OUT,10,25.6,17.7,18.8,22.1,22.6,23,22.2,20.7,17.3,14.9,12.5,15.6,12.6,12.8,14.8,9.7,11.7,11.7,0.2
-1.09538203027309,53.9687123801314,175,Tube_A7,51 Clifton,R,459441,452892,IN,2.1,30.4,32.8,33.3,36.1,39.4,42.2,36.5,36.1,28.7,29.3,27.5,30,26.7,23.3,24.3,18.8,20.8,19.4,3.3
-1.11256333047787,53.9794281854667,176,Tube_A70,120 Shipton Road,B,458299,454070,OUT,13,23.1,18.3,21.2,26,26.1,26.8,25.7,24.8,21.7,19.7,16.4,18.5,17,15.8,17.5,11.5,13.6,13.7,0.2
-1.11524200825484,53.9811017026703,177,Tube_A71,154 Shipton road,B,458121,454254,OUT,9.6,22.6,22.1,19.7,20.9,23.2,20.7,19.6,21.3,16,16.2,12.3,16,13.5,12.6,14.7,10,10.5,10.4,0.2
-1.11564145844008,53.9809608334736,178,Tube_A72,lampost 42 Roadside Shipton Road,R,458095,454238,OUT,1.4,25.6,23,24.6,26.1,31.1,31.7,27.7,26.6,22.3,25,0,0,0,0,0,0,0,0,26.3
-1.11602282316812,53.9816736851981,179,Tube_A73,Lampost outside 168/166 Shipton Road (previously A76) ,B,458069,454317,OUT,1.9,21.5,17.1,19.5,23,22.7,22.2,21.3,21.4,18.4,16.2,0,0,0,0,0,0,0,0,7.5
-1.11643945079667,53.9821620961684,180,Tube_A74,176 Shipton Road,B,458041,454371,OUT,7.1,21.5,16.1,16.1,21.3,22.2,21.9,20,19.2,17.3,13.8,12.6,15.8,13.4,12.6,14.4,9.7,10.8,11.5,0.2
-1.11557189270661,53.9806457436985,181,Tube_A75,Lampost opposite Longwood Dr (previously 60 tube),R,458100,454203,OUT,1.6,26.7,21.4,18.7,22.9,26,29.7,24,24.1,19.9,22.4,0,0,0,0,0,0,0,0,11.3
-1.11796094045252,53.9830450966325,182,Tube_A76,Lampost 49 Shipton road,R,457940,454468,OUT,1.5,28.4,29.6,29.6,32,36.3,39.2,36.4,32,28.7,29.2,0,0,0,0,0,0,0,0,27.5
-1.11811555309274,53.9836663983459,183,Tube_A77,lampost outside 206 Shipton Road -house line,B,457929,454537,OUT,1.7,24.8,18.7,25.2,27.6,33.1,31.6,27.9,25.5,20.5,21.9,0,18.8,17.5,17.5,20.1,13.4,13.9,15.7,6.1
-1.113215648398,53.9795857918317,184,Tube_A78,Lampost 36 shipton road,R,458256,454087,OUT,2,25.9,28.1,26.7,31.1,34.7,35.1,31.6,26,26.5,27.3,0,0,0,0,0,0,0,0,8.7
-1.11902741885841,53.9845359155871,185,Tube_A79,lampost outside 232/230 shipton rd,B,457868,454633,OUT,2.2,22,18.1,22.4,26.2,27.9,26.5,26.3,26,21.1,18.1,0,0,0,0,0,0,0,0,6.3
-1.12004776311503,53.9853253284614,186,Tube_A80,lampost outside 256/254 Shipton Road ,B,457800,454720,OUT,1.5,21.9,20.2,23.3,28.3,27,27.8,26.5,25.4,21.5,20.4,0,0,0,0,0,0,0,0,6.7
-1.12105327632037,53.9860966489266,187,Tube_A81,Lampost outside 276 shipton Rd,B,457733,454805,OUT,8.4,23.7,23.8,24,28,25.8,27.2,25.4,26.7,19.6,17.6,15.2,16.7,14.7,14.2,17.9,12.3,12,12.8,0.2
-1.12193464102532,53.9862468916584,188,Tube_A82,Lampost 61 Shipton Road,R,457675,454821,OUT,5.9,31.5,33.1,32.3,32.2,0,0,0,0,0,0,0,0,0,0,0,0,0,0,17.37
-1.12025129040415,53.9850751565899,189,Tube_A83,lampost 56 Shipton Road,R,457787,454692,OUT,2,24.2,25.6,26.2,28,34.9,37.4,33.4,30.5,26.1,26.5,0,0,0,0,0,0,0,0,34.3
-1.11951534006661,53.9845394877239,190,Tube_A84,lampost 54 Shipton Road,R,457836,454633,OUT,1.5,22.8,28.1,26.1,29.2,38.7,41.7,34.7,32.1,25.7,24.5,0,0,0,0,0,0,0,0,33
-1.09653292947828,53.9697726239312,191,Tube_A85,Drainpipe front of Greenside guest house,B,459364,453009,OUT,11.5,26.1,22.5,25.4,29.8,30.5,32.2,30.3,27.6,24.4,23,19.3,21.2,19.2,18.6,21.4,14.5,16.1,17.3,0.2
-1.12155041837487,53.9639180360735,192,Tube_A86,Drainpipe of 160 Carr Lane (replaced A37),B,457731,452337,OUT,10.3,20.7,23.4,23.1,25.7,24.8,26.5,23.9,26.5,21.6,18.6,0,0,0,0,0,0,0,0,0.2
-1.09713505136422,53.9701276764155,193,Tube_A87,Traffic light outside Bonners Guest house - replacement for A10,R,459324,453048,IN,1,35.3,41,42.7,39.4,47.2,50.5,41.5,40.7,34.6,38.1,0,0,0,0,0,0,0,0,10.2
-1.12548803623892,53.9658611622574,194,Tube_A88,"111 Boroughbridge Road, Drainpipe nearest Garage at side of the door",B,457470,452550,OUT,12.9,23.7,27,22.3,25.9,21.9,26.2,24,24,19.7,21.4,15.7,18.4,15,15.4,17.9,11.4,12.9,13.5,0.2
-1.09757339632764,53.9703017376661,195,Tube_A9,Lime Tree House,R,459295,453067,IN,1.7,33,31.9,37.4,37.7,44.7,45.7,43.8,38.4,33.8,34.4,30.1,32.3,27,30.3,28.8,22.8,25.7,25.2,12.6
-1.09842477112787,53.971117040491,196,Tube_A90,Lampost 25 Shipton Rd ,R,459238,453157,IN,1.9,30.8,39.2,40,48.4,50.7,57.3,48.2,45.7,37.4,40,36,34.3,35.9,33.6,32.1,25.6,32.7,30.3,8.2
-1.10730317254672,53.9629952262506,197,Tube_A91,Post 10 Livingstone Street. Opposite Post Office,R,458667,452246,IN,0.3,33.6,33.7,32.3,30.9,35.6,39.6,35.2,33.6,27.6,31.9,0,0,0,0,0,0,0,0,9.8
-1.12591931199866,53.9663766092025,198,Tube_A92,"On ""No Parking At Anytime"" sign on RH Side of the entrance to Plantation Drive",R,457441,452607,OUT,3.8,23.7,27,25.1,29.3,28.2,25.6,28.3,22.5,19.7,0,0,0,0,0,0,0,0,0,14.5
-1.10825932479438,53.9767628879362,199,Tube_A93,Lampost C13 Shipton Road Opposite Dormouse Pub,R,458585,453777,OUT,3.3,0,29.2,24,26.3,29.5,33.5,29.1,25.7,23.2,22.2,0,0,0,0,0,0,0,0,10.4
-1.1075125144977,53.9646146106999,200,Tube_A94,5 Salisbury Road,R,458651,452426,OUT,13.7,0,22.3,24.5,28.2,26.4,39.3,30.1,33.7,26.7,26.2,22,24.6,22.4,28.7,27.8,20.1,23.2,18.3,0.2
-1.11194261207277,53.9598478404679,201,Tube_A95,Lampost outside Renshaw House,R,458367,451892,OUT,3.1,0,0,0,0,31.3,34.8,29.7,28.6,22.5,25,0,0,0,0,0,0,0,0,6.1
-1.10153267307406,53.9683809863415,202,Tube_A96,"Ousecliffe Gardens signpost, outside 31 Water End",R,459038,452850,OUT,0.6,0,0,0,0,0,0,0,35.9,31.5,34.4,28.4,31.7,29.4,28.1,29.9,21.5,25.7,25,10
-1.12607003076801,53.9664585958389,203,Tube_A97,Lampost next to Air Quality Monitoring Station on Plantation Drive,R,457431,452616,OUT,2.2,0,0,0,0,0,0,0,0,0,22,18.8,21,19.3,19.7,18.9,14.3,16,16.7,18.7
-1.07399838307412,53.9657633735118,204,Tube_B1,Lamppost 1  Lowther Street opposite Riverside House Flats,R,460848,452582,IN,1.3,35.2,35.3,35.3,37,44,42.7,36.8,36.9,30.4,31.8,29.4,27.9,28.5,26.6,28.9,18.2,15.9,15.2,0.2
-1.06695242623895,53.9809433579432,205,Tube_B10,Telegraph pole 858 end of Yearsley Grove,B,461288,454277,OUT,0.4,19.8,20.9,22.1,26.6,26,26.1,0,23.4,19,0,0,0,0,0,0,0,0,0,7.7
-1.06904468702614,53.9835390889495,206,Tube_B11,Lampost 1 Brandsby Road,B,461147,454564,OUT,1.5,21.3,19.4,23,22.7,24.2,24.6,24,25.7,19.3,17.9,0,0,0,0,0,0,0,0,6.5
-1.06926225057344,53.9854102389431,207,Tube_B12,Lampost 1 Brookfield Road,B,461130,454772,OUT,2.2,0,20.9,21.8,23.9,24.5,24.6,25.1,23.6,20.8,18.6,0,0,0,0,0,0,0,0,8.8
-1.06862851746162,53.9871579527979,208,Tube_B13,Lampost 1 Whitestone Drive,B,461169,454967,OUT,2.2,20,19.4,23.7,26.6,25.6,27.5,0,0,0,0,0,0,0,0,0,0,0,0,9
-1.06716064042517,53.9893755460044,209,Tube_B14,Lampost 1 Stratford Way,B,461262,455215,OUT,1.6,20.6,0,20.7,24.3,26.3,25.4,24.1,23.7,19.9,18.1,0,0,0,0,0,0,0,0,1.5
-1.06665459105393,53.9901805202206,210,Tube_B15,Lampost 99 Huntington Road,R,461294,455305,OUT,1.6,20.6,23,25.6,23.6,27.3,29.1,24.4,24,20.2,22.6,19.2,28.4,18.9,18.1,18.5,15.1,15.5,15.2,28
-1.06188242775584,53.9934958231206,211,Tube_B16,Lampost 114 Huntington Rd outside 572A,R,461602,455678,OUT,2,24.7,24.6,23,24.6,0,29.2,25.1,23.8,20.5,23.1,0,0,0,0,0,0,0,0,13.6
-1.06382780170982,53.9924504282645,212,Tube_B17,Relocated - Lampost 109 outside house number 540 (opposite the shop),R,461476,455560,OUT,2.2,24.2,24.7,24,25.7,27.3,27.8,26,24,20,22.4,0,0,0,0,0,0,0,0,14.5
-1.05890925750136,53.9947937913269,213,Tube_B18,lampost 1 North Moor Rd,R,461795,455825,OUT,1.3,21.3,26.2,24.8,26.2,28.8,30.1,26.8,24,21,22.3,0,0,0,0,0,0,0,0,41.4
-1.05743479373971,53.9952406174218,214,Tube_B19,Lampost 5 outside Huntington Primary School,R,461891,455876,OUT,1.6,24,26.4,23.2,28.1,28.9,30.6,26.2,28.4,21.5,21.7,19.7,21.1,19.9,18.9,19.3,16.2,15.4,15.9,17.2
-1.07281716294465,53.9667878920491,215,Tube_B2,Lampost 7 Huntington Road opposite Park Grove,R,460924,452697,IN,1.3,25.4,32.8,30.4,32.8,37.4,39.1,36.8,30.9,24.9,28.7,24.4,24.9,24.2,22.8,24,17.9,19.4,18.7,2.5
-1.05754451671869,53.9971379056478,216,Tube_B21,Lampost 1 White Horse Close,B,461881,456087,OUT,1.4,18.8,19.7,20.5,26.4,23.5,23.4,23.4,23.7,19.2,17,0,0,0,0,0,0,0,0,2.1
-1.05790295606052,53.998830422945,217,Tube_B22,62 North Moor Road ,B,461855,456275,OUT,8.6,20.9,17.5,20.9,19.8,0,0,0,0,0,0,0,0,0,0,0,0,0,0,0.1
-1.05805846493706,54.0007280686725,218,Tube_B24,Lampost 24 North Moor Road at end of Broome Close,R,461842,456486,OUT,1.6,24.8,22.4,22,23.7,25.4,29.2,26.3,23.7,19.7,21.5,0,0,0,0,0,0,0,0,9.1
-1.0569235598607,54.0043682222627,219,Tube_B25,First lampost on Abbots Gait,B,461911,456892,OUT,1.8,22,18,23.5,25.3,25.3,26,21.7,25.9,20.1,19.5,0,0,0,0,0,0,0,0,14.9
-1.06474393922241,53.9672017260345,220,Tube_B29,Eastern Terrace,R,461453,452750,OUT,1,25.2,26.5,28.3,30,31.2,35.1,29.5,28.8,24.3,25.6,22.2,21.7,20,19.5,19.3,15.6,15.7,14.6,0.3
-1.07236468097504,53.9679438443797,221,Tube_B3,Lampost 11 Huntington Road outside no 70,R,460952,452826,OUT,1.4,24.2,27.9,27.4,27.3,30.9,32.8,29.1,27.3,24.1,25.2,21.5,22,21.5,21.8,21.5,15.9,17.7,16.8,2.9
-1.06314394295497,53.9678543693239,222,Tube_B31,Lampost 1 corner of Heworth Green,R,461557,452824,OUT,1,25.9,36.3,38.3,35.6,46.2,44,40.8,44.8,32.2,35.6,0,0,0,0,0,0,0,0,27.8
-1.05976550361231,53.9736970719271,223,Tube_B32,Lampost 1 Elmfield Terrace,B,461770,453477,OUT,1.6,17.6,17.7,22.3,23.8,22.4,23.3,23.3,23.5,19.4,16,0,0,0,0,0,0,0,0,6
-1.06007207725493,53.9743016573979,224,Tube_B33,Lampost 26 Malton Road,R,461749,453544,OUT,1.6,25.9,27.3,26.6,27.5,31.6,32.8,28.5,28.1,24.6,27.3,0,0,0,0,0,0,0,0,69
-1.05877277355226,53.9751273603862,225,Tube_B34,Lampost 1 Elmfield Avenue,B,461833,453637,OUT,1.1,23,24,21.9,29.2,29.6,31.4,29.7,30.6,24.5,24.2,0,0,0,0,0,0,0,0,18.4
-1.047500055656,53.9800447866621,226,Tube_B36,Lampost 60 Malton Road - triplicate,B,462565,454194,OUT,0.6,22,19.7,23.1,0,21.8,24.9,20.5,26,17,16,13,15.9,13.6,13.2,15.4,10.4,10.9,9.9,16.9
-1.047500055656,53.9800447866621,227,Tube_B37,Lampost 60 Malton Road - triplicate,B,462565,454194,OUT,0.6,17.6,19.5,21.2,0,22,22.4,22.3,22.6,18.4,16,14.6,15.9,13,13.8,14.5,9.6,9.8,10.4,16.9
-1.047500055656,53.9800447866621,228,Tube_B37a,Lampost 60 Malton Road - triplicate,B,462565,454194,OUT,0.6,21.5,18,20.7,0,21,23.3,19.6,22.1,17.7,16.5,14.6,17.2,14.3,12.9,13.9,10.5,10.2,10.9,16.9
-1.02912657206465,53.9885352264429,229,Tube_B38,482 Malton Road,B,463757,455155,OUT,11.7,26.3,23.1,20.7,24.3,24.9,27.5,24.2,27,22,20,16.3,20,15.9,16.1,17.2,11.9,12.5,12.7,0.2
-1.06999799209174,53.9550907183374,230,Tube_B39,Lampost 3 outside 7 Lawrence Street,R,461126,451398,IN,4.2,37.5,43.8,45.9,48.4,48.5,51.7,50.1,44.3,40,0,0,0,0,0,0,0,0,0,0.2
-1.07307256049578,53.9690188640842,231,Tube_B4,Lampost 15 Huntington Road outside no 67,R,460904,452945,OUT,0.7,22.7,29,27.9,28.5,33.6,35.3,31.9,0,0,0,0,0,0,0,0,0,0,0,8.1
-1.06696423783701,53.9544560336854,232,Tube_B41,76 Lawrence Street,B,461326,451330,IN,6.5,31.3,33.1,34.5,45.5,43.3,47,41.6,42.3,34.9,31.6,28.1,31.3,28.2,27.4,30.1,20,23.7,23.2,0.2
-1.06537602320939,53.9546054836662,233,Tube_B42,83 Lawrence Street,B,461430,451348,IN,7.2,26.7,24.1,33,32.8,29.2,36.4,30.4,31.3,26.7,24.4,20.8,25.8,22.3,20.8,23.3,15.5,18.4,17.3,0.2
-1.06344197421346,53.9545454958191,234,Tube_B43,117 Lawrence Street,B,461557,451343,IN,7.9,24.6,22.3,26.8,31.2,28.1,31,28.4,27.4,23.3,21.2,18.6,22.2,19.8,19.2,20,14.3,15.9,15.7,0.2
-1.06213162544616,53.9545352829321,235,Tube_B44,"Outside nursing home, Lawrence Street",R,461643,451343,IN,1.9,30.2,34.1,33,37.2,0,47.8,42.2,34.3,33,34,31.3,30.3,29.4,28.1,28.9,23.1,25.3,23.6,8.6
-1.05900479844346,53.9539805626284,236,Tube_B45,Pedestrian crossing Traffic Light Melrosegate Crossroads,R,461849,451284,IN,0.5,33.8,29.3,33.8,35.9,37.1,42.8,37.2,34.3,26.9,30.9,28.1,27.8,26.5,27.2,26.2,18.7,22.4,21.1,17.3
-1.05782674526177,53.9541870499154,237,Tube_B46,Millfield Avenue,B,461926,451308,IN,1.4,25.9,28.8,30.3,35.8,33,35.4,33.8,33.1,25.9,22.4,0,0,0,0,0,0,0,0,10.6
-1.05641360201124,53.9540051970354,238,Tube_B47,47 Hull Road,B,462019,451289,OUT,12.2,22,19.9,23.1,24.6,23.8,24.9,23.2,23.2,19,16.9,15.1,16,15,14.1,15.8,11.2,11.8,11.7,0.2
-1.05484425503309,53.9539928718527,239,Tube_B48,61 Hull Road,B,462122,451289,OUT,12.8,23.1,24.7,25.2,30.5,26.8,28.4,29,26,22.7,20,17.5,19.7,19.8,17.5,19,11.8,14.5,14.5,0.2
-1.05452632010044,53.9539004923306,240,Tube_B49,Lampost 16 Hull Road,R,462143,451279,OUT,0.4,30.4,33.7,31.8,37,42.9,45.7,39.4,35.5,30,31,0,0,0,0,0,0,0,0,10.6
-1.07364360264999,53.9721420698171,241,Tube_B5,114 Huntington Road,B,460862,453292,OUT,5.6,21.9,19.2,20.4,25.2,24.9,26.6,24.1,25.4,19,18.4,0,0,0,0,0,0,0,0,0.2
-1.05227337738716,53.9537928764508,242,Tube_B50,134 Hull Road,R,462291,451269,OUT,3.7,30,31.2,27.9,30.1,33.9,34.2,31.4,28.4,24.1,27.1,24.3,22,22.2,21.5,22.7,15.8,17.1,17.1,0.2
-1.05085049660306,53.9540423050041,243,Tube_B51,117 Hull Road,B,462384,451298,OUT,13.2,22.4,22.8,25.4,24.8,27.5,26.5,27.3,22.8,20.3,19.5,16.5,17.6,16.2,15.6,18.2,12.8,13,12.9,0.2
-1.04926407918052,53.9541106629073,244,Tube_B53,Lilac Avenue,B,462488,451307,OUT,1.2,21.3,27.1,26.6,32.6,31,29.9,29.9,29,23.1,22.2,0,0,0,0,0,0,0,0,8
-1.04824753187394,53.9539138720421,245,Tube_B54,Lampost 29 Hull Road (previously at 165 Hull Road),R,462555,451286,OUT,2.1,30,34.8,32,37.1,43.2,44.3,40.1,38.4,0,0,0,0,0,0,0,0,0,0,3.3
-1.04317323377932,53.9539005607673,246,Tube_B56,Lampost 40 Hull Road (Year 1 lampost 39),R,462888,451289,OUT,2.3,33.4,34.2,31.2,0,46,0,42.6,31.8,33.7,34.5,31.8,31.7,30.7,28.3,28.6,20.8,22.7,21.3,14.4
-1.04327721771826,53.9540182323445,247,Tube_B57,205 Hull Road,B,462881,451302,OUT,10.1,24.6,21.9,24.7,0,0,0,0,0,0,0,0,0,0,0,0,0,0,0,0.1
-1.04192159726252,53.9539894614975,248,Tube_B58,231 Hull Road,B,462970,451300,OUT,14,22.6,24.7,23.8,28,26.7,27.2,25.6,27.9,20.8,20.1,16.9,19.7,17.6,16.8,19,12.7,12.6,13.8,0.2
-1.04136032391898,53.9538771315079,249,Tube_B59,Lampost 45 Hull Road (Year 1 lampost 43),R,463007,451288,OUT,1.9,31.6,36.6,0,38.3,42.5,39.3,36.3,30.7,31.2,29.6,0,0,0,0,0,0,0,0,11.5
-1.03789116127091,53.9543078089045,250,Tube_B60,Lampost 1 Nursery Gardens,B,463234,451339,OUT,1.3,23.9,22.6,27.4,32.8,27.3,26.9,26.4,29.7,20.7,20,17.8,19.3,18,16.7,19,12.1,13.7,13.4,10.7
-1.03647521084332,53.9542515297774,251,Tube_B61,Telegraph pole outside 279 Hull Road,B,463327,451334,OUT,0.5,21.6,20.6,0,26.9,27.8,28.2,28.4,24.9,0,20,0,0,0,0,0,0,0,0,11.9
-1.03723764989707,53.9542306735397,252,Tube_B62,Telegraph pole outside 267 Hull Road,B,463277,451331,OUT,0.47,23.4,24.5,0,0,0,0,0,0,0,0,0,0,0,0,0,0,0,0,-999
-1.04597445732774,53.9540216889997,253,Tube_B63,Lampost 54 Tang Hall Lane,R,462704,451300,OUT,0.9,27.5,29.9,31.4,35.2,42.1,41.6,41.4,37.7,32.2,34.9,29.5,29.1,29.7,27.9,29.2,22.4,23.2,22.4,13.2
-1.03694939962681,53.9541744369514,254,Tube_B64,Lampost 62 Hull Road (Year 1 lampost 63),R,463296,451325,OUT,2,24.7,29.6,29,32.2,35.1,37.1,35.1,33.5,28.3,26.9,0,0,0,0,0,0,0,0,18.9
-1.03624694980375,53.9535755998746,255,Tube_B65,Lampost 8 Yarborough Way,B,463343,451259,OUT,6.8,24.4,19.9,24.7,24.3,22.9,26.7,0,0,0,0,0,0,0,0,0,0,0,0,23.8
-1.03869955366521,53.9536132106634,256,Tube_B66,Lampost 1 Yarborough Way,B,463182,451261,OUT,1.4,26.1,19.5,21.8,26.9,23.6,26.8,23.3,24.3,18.8,15.9,0,0,0,0,0,0,0,0,16.6
-1.03483299926432,53.9540945501886,257,Tube_B67,Lampost 70 Hull Road,R,463435,451318,OUT,2.03,22.3,30.8,0,0,0,0,0,0,0,0,0,0,0,0,0,0,0,0,23.7
-1.03476853040707,53.9542468289438,258,Tube_B68,Telegraph pole 1 Hull Road outside 289,B,463439,451335,OUT,0.3,20.9,20.1,21.9,28,30.6,42.6,27.8,26.7,22.4,19,0,0,0,0,0,0,0,0,7.9
-1.03248785644635,53.9540217818734,259,Tube_B69,Canham Grove,B,463589,451312,OUT,1.3,20.6,20.8,24.9,24.3,26.9,0,0,0,0,0,0,0,0,0,0,0,0,0,11.5
-1.03103058555035,53.953776363582,260,Tube_B70,Telegraph pole 97 outside 323 Hull Road,B,463685,451286,OUT,4.6,19.8,21.4,23,30.5,30.3,29.9,30.5,27.9,23,20.2,0,0,0,0,0,0,0,0,11.3
-1.07006372652245,53.9548755150736,261,Tube_B72,Front of York Cycleworks,R,461122,451374,IN,2.9,40.3,57,43.2,51.4,60.7,55.6,62.6,56.5,47.4,47,44.6,42.7,42.8,41.8,38.9,32.5,33.7,33.8,10
-1.07284104192869,53.9760186524454,262,Tube_B73,"Lampost 46 opposite Waterside Gardens 
",R,460909,453724,OUT,1.2,22.2,27.7,25.1,26.3,29.8,31.2,31,27.1,22.8,24.7,0,0,0,0,0,0,0,0,14.3
-1.06600215752737,53.9668340176249,263,Tube_B74,Heworth Court Hotel sign outside Sutherland House on side of house on drainpipe.,B,461371,452708,OUT,17.8,23.7,24.7,29.8,29,0,30.4,28.3,29.1,22.6,22.6,18.9,20.4,17.1,17.8,18.9,13.7,13.4,14.1,5.2
-1.06976528422036,53.9662430217219,264,Tube_B75,Lampost 1 Villa Grove,B,461125,452639,OUT,1.3,23.6,22.1,25.1,30.3,26.9,29.1,28.5,27.4,21.3,19.8,0,0,0,0,0,0,0,0,7.7
-1.06383906899718,53.9674463426541,265,Tube_B78,Lampost 24 outside North East Guide Association.,R,461512,452778,OUT,2.5,26.7,28.9,29.4,31.8,35.8,38.7,31.2,30.3,26.5,27.7,0,0,0,0,0,0,0,0,18.5
-1.053973073829,53.9776871607522,266,Tube_B79,Telegraph Pole 938 at Junction of New Lane Huntington & Malton Road.,R,462144,453926,OUT,1.8,22.3,28.9,29.1,30.4,38,31.7,31.2,32.7,24,25.4,0,0,0,0,0,0,0,0,46.3
-1.07093260302105,53.9775048861287,267,Tube_B8,Lampost 1 Byland Avenue,R,461032,453891,OUT,0.7,21.1,24.1,23.9,25.2,27.3,28.1,27.3,24.6,20,21.1,0,0,0,0,0,0,0,0,12.3
-1.06884602166005,53.9664516198852,268,Tube_B80,On drainpipe on front of Heworth Surgery.,B,461185,452663,OUT,13.4,20.6,20.6,23,24.8,24.7,25.6,23.6,24.2,17.9,19,15.2,16.7,15.1,15,17.3,12.2,12.5,11.8,24.5
-1.05176528909212,53.9540225590343,269,Tube_B81,Lampost 1 Milson Grove,B,462324,451295,OUT,1.2,19.6,19.9,21.1,28.7,25.3,25.2,0,27.2,20.1,19.4,0,0,0,0,0,0,0,0,14.2
-1.07208183142316,53.9655778296955,270,Tube_B82,Lampost  Dalguise Grove,B,460974,452563,OUT,1.1,25.7,23.6,33.4,33.8,33.1,30.6,30.6,30.4,22.3,22.4,19.4,22.2,21.7,21.5,24.1,17.4,17.3,19.7,3.1
-1.06731550292483,53.9667273719413,271,Tube_B83,Lampost 24 Outside No.55 Heworth Green,R,461285,452695,OUT,1,31.9,37,35.1,38,43,42,38.7,33.8,27.9,32,27.6,25.3,25.2,25.3,24.6,21.1,20.7,19.1,11.3
-1.04673770633919,53.9539648268397,272,Tube_B84,Drainpipe to the left of the front door on 167 Hull Road,B,462654,451293,OUT,13.4,0,24.9,25.2,30.3,28.7,29.5,30,29.8,26.2,23.2,20.2,22.2,21.6,19.8,22.3,15.1,16.9,17.1,0.2
-1.06846506880263,53.9548092131674,273,Tube_B85,Lampost 7 Outside St Lawrences Working Mans Club,R,461227,451368,IN,5.6,0,35,31.6,39.7,37.3,41.1,39.4,37,33.1,32.5,29.1,31.9,28.4,28.1,28.7,20.8,24.9,22.8,18.8
-1.06990985089496,53.965911583936,274,Tube_B86,"Lampost 16 Heworth Green, next to Air Quality Station",R,461116,452602,OUT,0.7,0,0,28.5,32.2,32.6,33.3,30.3,28.8,25.9,26.9,22.9,23.5,23.2,22.5,23,18.6,21.1,17.3,5
-1.03434626706144,53.9540546916478,275,Tube_B87,Lampost 71 Hull Road,R,463467,451314,OUT,1.6,0,0,0,0,40.1,35.9,36.4,30.6,27.8,27.2,0,0,0,0,0,0,0,0,22.5
-1.04452885231895,53.9539293174703,276,Tube_B88,Telegraph Pole 381 Hull Road,R,462799,451291,OUT,6.8,0,0,0,0,41.2,42.3,39,35.4,31.8,33.2,28.8,27.8,28.5,25.9,26.8,19.9,20.4,20.9,10
-1.0693357569227,53.9547170872948,277,Tube_B89,Outside old DC Cook site on signpost,R,461170,451357,IN,2.8,0,0,0,0,0,0,0,0,0,36.6,35,34.7,36.8,33.7,32.9,25.6,27.3,0,2
-1.06870329578537,53.979698641465,278,Tube_B9,Lampost 61 Huntington Road next to 300 Huntington Road,R,461175,454137,OUT,1.7,22.8,26.8,27.1,30.1,34.1,34.2,31.1,29.3,22.6,25,0,0,0,0,0,0,0,0,4.6
-1.06989213241419,53.9550539476203,279,Tube_B90,11 Lawrence Street,R,461133,451394,IN,4.4,0,0,0,0,0,0,0,0,0,38.3,35.5,34,34.1,36.8,36,27.5,28.5,25.1,0.1
-1.06974575043937,53.9547831757035,280,Tube_B91,"Lamp post 4 outside flats, opposite Rose and Crown Pub",R,461143,451364,IN,3.1,0,0,0,0,0,0,0,0,0,0,0,0,0,0,0,0,0,28.8,0.9
-1.11423136287964,53.9308875437184,281,Tube_C1,Chessingham Gardens,B,458257,448668,OUT,1.6,26.5,23.8,28.7,28,35,35.4,32.5,35.9,27.4,25.2,0,0,0,0,0,0,0,0,14.5
-1.10582553766471,53.9408199477294,282,Tube_C10,Curzon Lodge Hotel,R,458795,449780,OUT,2.39,28.2,32.9,34,37,0,0,0,0,0,0,0,0,0,0,0,0,0,0,-999
-1.1051757158898,53.9420015252135,283,Tube_C11,Opposite Marroitt Hotel,R,458836,449912,OUT,1,30.6,33.5,28.8,32.9,36.7,38.8,35.7,33,27.3,29.3,0,0,0,0,0,0,0,0,14.4
-1.10534020147533,53.942146556892,284,Tube_C12,Lampost 1 Ainsty Grove,B,458825,449928,OUT,0.3,22.6,19.9,22.1,25.9,27.1,26.4,25.7,24.7,21.5,19.8,15.9,18.3,15.2,15.9,18.6,12.1,13.1,13,10.8
-1.10341436051155,53.9445769406093,285,Tube_C15,Chalfonts,B,458948,450200,OUT,1.9,29.8,24.5,21.8,26.5,29.5,28.6,26.8,30.4,21.4,19.3,0,0,0,0,0,0,0,0,5
-1.10187646124591,53.9466686487895,286,Tube_C16,Pulleyn Dr,B,459046,450434,OUT,1.1,26.7,23.3,23,32.2,24.6,29.6,26.6,27.9,20.7,21.9,0,0,0,0,0,0,0,0,12.2
-1.10126114487865,53.9476527279675,287,Tube_C17,248 Tadcaster Rd,B,459085,450544,OUT,20.6,25.4,18.2,23.8,26.7,26.9,27.4,25.3,26.4,21.6,20,15.5,18.7,16.1,15.2,16.2,11.4,12.1,12.8,0.2
-1.09940424744748,53.9496880908414,288,Tube_C18,196 Mount Vale,B,459204,450772,IN,9.2,29.8,26.5,32,36.1,34.4,38.4,35.3,36.9,29.3,25.2,22.3,25.1,22.5,21.8,25.3,17,16.8,16.6,0.2
-1.09837441909174,53.9501028072981,289,Tube_C19,Trentholme Dr,B,459271,450819,IN,0.4,25.9,23.1,23.2,26,24,28.2,28.3,28,21.3,18.7,0,19.2,15.6,15.9,17.5,11.7,12.8,12.8,7.7
-1.11301585852826,53.9336289038779,290,Tube_C2,Lampost 66 Tesco roundabout,R,458333,448974,OUT,1.1,30.4,38.3,39.7,39.1,47.1,46,43.5,35.9,33.1,35.3,32,31.5,31.5,29,29.8,24.4,25.8,25.8,16.9
-1.09821719289147,53.9510363758443,291,Tube_C20,Elmbank hotel,B,459280,450923,IN,0.5,25.6,20.7,24.9,27.5,26.6,30,24.1,26.4,23.4,20.3,16.9,19.8,16.8,17.2,19.3,14.9,14.1,16.4,21.4
-1.09621391050247,53.9520729257921,292,Tube_C21,Dalton Terrace (relocated to Albermarle road/The mount junction July2001),R,459410,451040,IN,3.5,32.5,28.7,31.8,31.4,38,40.6,35.3,32.5,28.2,28.3,26.9,26.7,25.8,23.5,24.9,20.6,18.7,18.4,3.8
-1.09374605747919,53.9534474849465,293,Tube_C22,Park Street,B,459570,451195,IN,1.1,30.4,24.5,29.4,31.5,31.6,34.1,27,34.3,28.6,22.9,19.4,24.6,19.6,19.6,21,15.2,15.4,15.4,14.4
-1.09399399946382,53.9539616670373,294,Tube_C23,The Mount,R,459553,451252,IN,3,38.6,43.6,45.1,49.5,50.5,58.5,50.4,48.5,38.5,42.9,39.9,39.9,37,36.2,35.7,29.5,28.9,30.4,0.2
-1.09350526513458,53.9540119114015,295,Tube_C24,East Mount Road,R,459585,451258,IN,1.4,35.3,30.7,38.3,37.1,39.9,44.2,0,0,0,0,0,0,0,0,0,0,0,0,0.3
-1.09348069657232,53.9544431482342,296,Tube_C25,The Crescent,B,459586,451306,IN,0.7,36.2,35.7,0,0,0,0,0,0,0,0,0,0,0,0,0,0,0,0,2.28
-1.09266770445474,53.9546886794271,297,Tube_C26,Outside Odean,R,459639,451334,IN,0.8,39.6,39.5,40.9,48.8,53.2,59.4,53.3,46.8,40.9,42.1,40.4,41.2,38.1,41,38.3,31.2,34.1,31.7,12.9
-1.09145994662121,53.955569368434,298,Tube_C27,Windmill Pub,R,459717,451433,IN,3.2,41.1,44.6,51.1,56.3,69.6,75,62.8,54.5,49.1,52,46.7,45.8,45.9,46.3,44,35,40.7,41.3,0.2
-1.0694566265841,53.9280146100289,299,Tube_C28,House top of Selby Rd,B,461201,448386,OUT,15.3,24.2,15.9,20.4,22.1,21.2,24.2,21.4,21.7,17.9,17.5,14.2,16.6,14.3,14.4,16.4,10.8,11.1,11.3,0.2
-1.06952477295775,53.9283746609921,300,Tube_C29,Lampost 34 Selby Road,R,461196,448426,OUT,0.5,31.1,35.7,30.9,35.9,42.8,40.7,38.3,33.8,30.2,33.5,28.8,30,28.1,26.5,26.8,19.6,20.3,20.6,21.7
-1.11219558516738,53.9342430195703,301,Tube_C3,Old Moor Lane,B,458386,449043,OUT,0.8,22.4,23,27,28.5,30.3,28.3,30.3,25.1,22,22.1,0,0,0,0,0,0,0,0,17.8
-1.0696850814073,53.9286994730611,302,Tube_C30,Lampost 2 Selby Rd,R,461185,448462,OUT,1.2,30.4,33.3,36.3,39.3,39.6,46.6,41.9,35.8,34,35.2,29.3,30.8,29,31.1,30,22.7,23.7,21.5,13.1
-1.06956106860198,53.928797381858,303,Tube_C31,2 Selby Rd,B,461193,448473,OUT,14.1,21.5,22.3,22.4,27.6,26.5,27.4,25.8,27.4,21,20.5,17.9,18.8,17.8,16.3,18,12,12.7,13,0.2
-1.07048100761035,53.9319503280297,304,Tube_C32,Fordlands Rd,B,461128,448823,OUT,6.8,30.9,23.1,27.3,34.4,32.4,35.6,34.5,33.1,26.9,25.4,22.8,24.5,21.6,20.9,22.9,15,15.8,17.1,5.4
-1.07111389156703,53.9329439092614,305,Tube_C33,124 Main St,B,461085,448933,OUT,11.2,25,21.4,23.1,24.6,22.1,27,23.8,24.1,0,19.8,14.4,17.3,15.2,14.9,16.7,10.5,11,11.5,1
-1.07108718581593,53.9341481021155,306,Tube_C34,103 Main St,R,461085,449067,OUT,3.5,30,29.1,29.6,30.6,31.9,37.1,32.1,29.1,26.6,28.6,23.7,25.2,22.3,22.8,23.5,16.2,17.3,17.2,0.2
-1.07157401593288,53.9348619182216,307,Tube_C36,50 Main St,R,461052,449146,OUT,3.7,33.8,32.9,32.8,35.2,36,41.4,36.4,33.4,26.9,30.8,29.7,28.5,27.3,25,25.3,19.7,20.1,20.6,0.2
-1.07166529143578,53.9355547016466,308,Tube_C37,59 Main St,B,461045,449223,OUT,6.7,30,22.5,29.2,31,30,33,30.7,29.4,26.2,23.6,20.3,23.4,18.7,20.6,21.2,14.2,15.7,16.1,0.2
-1.07177150052439,53.9355734979511,309,Tube_C38,lampost 8 Main St,R,461038,449225,OUT,0.4,33.5,33.8,31.1,35.5,39.9,43.9,37.1,35.3,30.7,30.8,28.2,28.1,25.6,24.8,25.2,17.1,18.2,18.1,6
-1.0727241224844,53.9365785217847,310,Tube_C39,18 Main St,R,460974,449336,OUT,2.4,33.4,40.4,33.5,39.7,46.9,51.5,44.9,40.2,31.5,35.3,35.1,32.6,34.9,32.7,33.1,22.9,22.8,22.2,0.2
-1.11090050235502,53.9349794508951,311,Tube_C4,147 Tadcaster Rd,B,458470,449126,OUT,14.3,22,20.1,25.1,25.7,25,27.7,25,24.3,20.8,19.4,16.4,19,15.9,16.3,18.2,12.5,12.5,12.9,0.2
-1.07364083227739,53.9392100924526,312,Tube_C40,Adams House B&B,B,460910,449628,OUT,8.7,25.4,21.9,27,29.6,28.1,28.8,29.6,30,21.8,20.8,18,19,17.6,17.1,18.7,12.6,12.9,13.7,0.2
-1.07380618811698,53.9393102347533,313,Tube_C41,Lampost 42 Fulford Road,R,460899,449639,OUT,0.9,29.6,27.9,28.1,30.1,34.3,35.3,32.6,28.5,23.9,26.9,0,0,0,0,0,0,0,0,8
-1.07442425409929,53.9402946888594,314,Tube_C42,300 Fulford Rd,B,460857,449748,OUT,10,27,24.9,27.5,30.3,30.9,32,30.1,32,23.8,23.6,20.7,22.8,20,19.1,21.8,14.3,15.2,15.9,0.2
-1.07424505121504,53.940131524745,315,Tube_C43,Lampost 39 Fulford Rd - triplicate,R,460869,449730,OUT,0.3,30,33.3,31.8,36.4,38.7,42.3,38.8,32.8,29.4,32.3,28.7,28.8,28.2,26.7,25.1,18.4,19.3,19.7,8.7
-1.07424505121504,53.940131524745,316,Tube_C43a,Lampost 39 Fulford Road - triplicate,R,460869,449730,OUT,0.3,30.7,29.1,33.1,34.1,41.4,42.9,37.5,31.7,29.2,32.3,28.8,30.4,28.3,26.5,26.5,19.3,20.2,20.6,8.7
-1.07424505121504,53.940131524745,317,Tube_C44,Lampost 39 Fulford Rd - triplicate,R,460869,449730,OUT,0.3,30.7,26.4,31.1,33.7,41.3,43.3,37.8,33,29.6,28.7,26.8,29,28.5,26.8,27,19.6,19.7,20.6,8.7
-1.07394069636783,53.9414953592748,318,Tube_C45,Derwent Rd,B,460887,449882,OUT,0.8,28.3,21.1,27,30.5,30.6,31.1,27.4,30.4,22.3,21,0,0,0,0,0,0,0,0,13.3
-1.07445213247952,53.9431710648945,319,Tube_C46,Fulford Cross,B,460851,450068,OUT,1.5,21.4,18.5,21.2,27.4,25.5,27.1,24.1,29.8,21.9,18.9,0,0,0,0,0,0,0,0,6.9
-1.07445600740819,53.9443754852367,320,Tube_C47,Telegraph pole 825 Maple Gr,B,460849,450202,OUT,0.6,23.7,20.9,20.2,31.4,26,28.9,24.1,28.4,20.7,19.1,0,0,0,0,0,0,0,0,10.8
-1.07396418602748,53.944569433952,321,Tube_C48,Lampost 24 Fulford Rd,R,460881,450224,IN,2.2,31.5,26.6,26.7,23.2,0,0,0,0,0,0,0,0,0,0,0,0,0,0,10.5
-1.07422333916545,53.947321753366,322,Tube_C49,Alma terrace,B,460860,450530,IN,0.9,29.3,23.7,29.1,31.5,32.3,34.6,28.8,30.1,23.7,22.9,18.6,21.6,17.6,17.7,20,13,14.3,14.2,6
-1.10994822238408,53.936068937621,323,Tube_C5,Middlethorpe Grove,B,458531,449248,OUT,0.4,23.7,24.5,22.1,24.6,25.7,29.4,29.5,30.2,22.7,18,0,0,0,0,0,0,0,0,17.6
-1.07401664908462,53.949090794355,324,Tube_C51,Conservative Club,R,460871,450727,IN,1,30,34.1,31.1,31.1,39.2,42.3,34.3,32.9,30.7,31.7,25.2,26.2,24.4,25,25.5,17.9,19.3,18.1,9.8
-1.07428015293059,53.949578174331,325,Tube_C52,Howard St,R,460853,450781,IN,1.4,28,32,29.3,28.4,36.4,37.1,31.4,29.8,24.9,28.3,23.1,24.1,23.8,23,22.6,17.8,17.2,18.1,9.9
-1.07557723447543,53.9508734350801,326,Tube_C53,Winterscale St,R,460766,450924,IN,2.1,31.2,27.9,31.1,26.3,34.3,37.4,28,28.1,25.4,25,22.2,22.8,22.1,20.8,22,15.2,16,16.5,14.7
-1.07560943019737,53.9521769404925,327,Tube_C54,Escrick St,R,460762,451069,IN,3.2,31.9,35.8,34.6,33.7,37.2,46.7,33.6,32.4,29.3,0,25.5,28.4,22.8,25.7,24.7,18.4,21.3,20,1.7
-1.09506686016828,53.9529720824653,328,Tube_C56,Pedestrian crossing on junction of Scarcroft Road/The Mount,R,459484,451141,IN,1.3,30.9,36.4,36.1,40.6,45.8,48.2,42.5,40.2,33.3,34.6,32.1,31.4,28.3,30.8,30.5,21.8,25,24.8,25.1
-1.10397984828518,53.9437812263302,329,Tube_C57,Lampost 1 Nelson's Lane,B,458912,450111,OUT,1.3,27.2,29.5,29.1,31.3,34.5,34.8,32.1,29,27.2,25.7,18.1,22.6,18.8,19.1,20.6,14.4,14.4,15.3,5.9
-1.07343668253372,53.9374199027489,330,Tube_C58,Drainpipe of 4 Main Street Fulford,R,460926,449429,OUT,3.6,0,49.8,46.2,52.3,59.1,55.8,46.3,43.2,36.3,39.5,36.8,35.5,35.2,32.5,33,24.6,25.4,26,0.2
-1.10675227211151,53.940224642427,331,Tube_C59,Drainpipe of 34 Tadcaster Road,R,458735,449713,OUT,3.6,0,35.8,39.9,41.3,49.4,45.6,37.7,35.8,30.9,33.8,29.9,29.6,28.3,27.5,27.1,22.3,23.3,25,0.2
-1.1095914062255,53.9370909244861,332,Tube_C6,110 Tadcaster Road,R,458553,449362,OUT,1.8,24.4,27.4,28.1,30.6,36.7,35.3,34.2,29.6,27.3,29,0,0,0,0,0,0,0,0,9.1
-1.09351116991519,53.9544433779611,333,Tube_C60,The Crescent,B,459584,451306,IN,2.9,0,0,33.6,41.4,42.2,41.2,41.7,39.4,31.3,0,0,0,0,0,0,0,0,0,0.3
-1.10604414788762,53.9405699102068,334,Tube_C61,Opposite side of the road from Pocklington carpets on lampost.,R,458781,449752,OUT,1.9,0,0,0,0,43.6,44.2,40.8,0,0,0,0,0,0,0,0,0,0,0,10.7
-1.09359804496057,53.9539496950812,335,Tube_C62,"East Mount Road, opposite side of road from old tube",R,459579,451251,IN,1,0,0,0,0,0,0,0,0,28.6,30.7,28.4,26.9,27.2,27,26.4,20.1,20.8,21.3,0.1
-1.10590936281531,53.9404610523204,336,Tube_C63,1 St Edwards Close,R,458790,449740,OUT,15.6,0,0,0,0,0,0,0,0,0,20.6,19.2,18.8,17.8,16.9,18.1,13.3,13.8,12,0.1
-1.10868607322952,53.9381178329683,337,Tube_C7,Slingsby Grove,R,458611,449477,OUT,2.6,29.4,34.1,30.1,32.5,40.3,40.5,37.1,31.9,29.2,30.8,23.8,19.8,18,17.5,19.2,14.9,15.4,13.1,1.4
-1.10724511759969,53.9392576021895,338,Tube_C8,Cherry Lane,B,458704,449605,OUT,2.1,26.3,22.1,24.2,30.6,29,30,27.1,28.7,22,20.8,0,0,0,0,0,0,0,0,20.5
-1.08030036102644,53.9599245973794,339,Tube_D10,"Drainpipe of Daisy Taylors Card Shop, Kings Square",B,460443,451927,OUT,0.9,23,21.1,27.1,26.2,27.9,28.2,26.4,27.6,20.9,21.5,16.9,18.4,16.5,16.5,19.1,11.3,12.5,13.3,0.2
-1.07844778506266,53.9582296602933,340,Tube_D12,On signpost outside 26 Fossgate,R,460567,451740,IN,1.6,27.5,28.9,31.1,26.6,31.1,33.9,28.5,26.3,22.1,25.7,22,20.4,19.8,18.5,19.4,15.7,14.3,14.2,0.2
-1.08303337399338,53.9548313089275,341,Tube_D13,"Lampost 4 Skeldergate, opposite City Mills",R,460271,451358,IN,1.6,27.5,24.3,30.8,31.1,55.2,39.7,31.9,27.7,25.2,27.8,24.5,27.6,24.9,25.3,24.9,20.4,17.6,18.4,1.6
-1.07075336602394,53.9547010867786,342,Tube_D14,Lampost 3 Barbican Road outside house no 7,R,461077,451354,IN,0.2,34.6,35.4,41.1,43.4,54.2,51.7,51.4,47,42,46.1,39,36.2,32.7,37.6,36.6,28.2,30.8,28,1.9
-1.07640007253185,53.9536390692911,343,Tube_D16,"Lampost 1 , Paragon St",R,460708,451231,IN,3,35.5,39.5,42.9,47.3,43.7,56.7,48.1,45.5,40,45.2,37.7,37.5,36.2,36.1,37.8,29.2,32.9,30.4,0.2
-1.07835039667081,53.957114405123,344,Tube_D17,Piccadilly/ Merchantgate junction,R,460575,451616,IN,0.3,31,34.4,34.3,39.4,43,44.6,41.5,36.1,31.8,34,31.8,29.2,26.7,27.9,29.6,23.7,28.5,30.9,19.3
-1.08111563384494,53.9561109381199,345,Tube_D18,Lampost 6 Clifford St opposite Peckitt Street,R,460395,451502,IN,1.8,35.3,29.1,38.7,38.2,41.2,47.3,34.3,37.7,27.8,30.8,26.3,28.7,27.7,29.1,28.7,23.1,24.2,22.7,0.4
-1.08653103659476,53.9572667053728,346,Tube_D19,Bridge St/ Micklegate Junction,R,460038,451626,IN,0.2,45,57.6,66.6,63.3,75.4,81.4,68.8,0,50.8,54.7,48,49.9,44.1,45.5,45.9,34.8,40.5,38.2,1.7
-1.08217668736653,53.9577638402947,347,Tube_D20,"Low Ousegate / Clifford St  junction, outside Waterstones",R,460323,451685,IN,0.5,42.1,49.6,46.4,52,72.3,61.1,56.2,47.9,40.6,43.9,40.3,39.7,40.6,39.7,38.9,30.1,33.4,36.6,36.5
-1.08214181402308,53.9593544469027,348,Tube_D21,"No entry sign outside Barrats Shoe Shop, St Sampsons Sq",B,460323,451862,OUT,0.3,27,25.4,33.2,33.5,31.2,33.5,0,31.5,22.8,0,0,0,0,0,0,0,0,0,53.9
-1.08650144764415,53.960717864515,349,Tube_D22,Outside Museum Gardens,R,460035,452010,IN,2.1,33.6,42.5,44.2,46.8,53.6,52.5,46.7,41.7,33.4,39.9,33,34.4,31.8,32.5,31.5,27.2,32.3,30.7,7.9
-1.07702218792078,53.9537606898639,350,Tube_D23,Lampost 2 Fishergate - near Chapel Kitchen Shop,R,460667,451244,IN,2.7,42.3,51.2,51,50.2,0,0,0,0,0,0,0,0,0,0,0,0,0,0,0.1
-1.09009761689007,53.9565477436721,351,Tube_D24,Priory St sign Micklegate,R,459805,451543,OUT,0.5,33.2,35.2,35.5,43.8,48.2,49.6,42.2,39.1,31.9,0,30.3,30.6,28.2,28.9,27.5,18.9,20.5,19.6,3.4
-1.0917638840708,53.9584208471467,352,Tube_D25,Bus Stop E outside Royal York Hotel,R,459693,451750,IN,0.4,34.6,40.1,42.7,47.3,54.7,58.4,52.5,47.5,0,41,35.1,37.6,36.7,36.5,37.4,29,33,34.7,169.3
-1.07693035729962,53.9551621098521,353,Tube_D26,Lampost 14 Piccadilly (near Travellodge),R,460671,451400,IN,2.1,32.7,28.4,30.6,34.2,39.4,40.3,36.6,32.8,26.7,29.2,25.3,26.6,24.9,23.9,25.1,20.2,25.1,23.6,15.5
-1.07593812726675,53.956619529569,354,Tube_D27,Lampost 2 St Deny's Road - outside hotel,R,460734,451563,OUT,1.5,26.1,27.4,29.4,29.9,33.5,35,33.2,30.2,23.9,26.2,25.9,25.8,23.3,23.6,22.8,19.5,20.8,19,11.7
-1.0755559598638,53.9532191355409,355,Tube_D28,Lampost 4 outside The Garden of India restaurant on Fawcett Street,R,460764,451185,IN,2.4,34.2,32.2,38.2,40.8,45.8,51.9,43.9,40.4,34,37.3,34.1,33.3,31.4,31.9,32.4,25,27.4,26.1,23.6
-1.07464913400994,53.9528796050235,356,Tube_D29,Lampost 5 inside grounds of Kent St Car Park,R,460824,451148,OUT,2.3,29.6,31.9,34,34.9,32.4,38.9,31.8,27.8,0,0,0,0,0,0,0,0,0,0,36.9
-1.07447612948493,53.9538130238396,357,Tube_D30,Lampost outside Barbican Centre,R,460834,451252,IN,0.1,37.1,32.4,36.5,34.4,41.8,41.4,34.4,34,25.6,28.8,25,24.6,24.7,23.7,24.7,18.6,20.4,18.4,35.5
-1.07192099971744,53.953586606309,358,Tube_D31,Lampost 9 Barbican road outside house no.24,R,461002,451229,IN,0.3,30.2,39.8,40.9,44,49.2,46.9,46.6,36.9,33,39.9,31.8,32.6,29.2,29.5,28,20.6,24.4,22.9,2
-1.08326094588313,53.9534848478024,359,Tube_D32,Lampost 3 Bishopgate Street -next to bench,R,460258,451208,IN,1.9,33.6,32.6,39.3,42.9,48.8,56.5,45.3,44.6,35.4,37.1,34.1,35.1,31.7,33.7,34.6,26.4,29.1,27.9,22.2
-1.08605585176443,53.9532005322904,360,Tube_D33,Lampost 17 Nunnery Lane outside 81,R,460075,451174,IN,0.2,32.7,35.8,39.2,42.3,44.3,46.8,42.5,37.5,29.2,31.3,0,30,27.5,26.6,26.3,20.7,24.4,24.4,3.9
-1.07108718581593,53.9341481021155,361,Tube_D34,Drainpipe of Edward VII pub - Nunnery Lane,R,461085,449067,IN,3.5,42.1,49.9,49.9,51.6,56.5,66.1,57.7,51,40.8,0,0,0,0,0,0,0,0,0,0.2
-1.08515770185322,53.9531577503684,362,Tube_D35,"Drainpipe of house 22, Prices Lane",R,460134,451170,IN,1.6,39.4,37.9,39.7,42.6,48.2,51.3,44.8,0,38.8,42,37.3,36.9,36.3,35.2,37.4,27.2,32.8,30.6,0.2
-1.08519857742756,53.9505875000169,363,Tube_D36,"Lampost 7 Bishopthorpe Road, opposite entrance to Charlton St",R,460135,450884,IN,0.2,35.3,40.6,43.6,48.8,52.1,57.1,48.9,43.2,34.5,37.5,34.9,35.3,31.7,33.2,31.6,22.8,25.2,24.9,6.1
-1.08484299165386,53.95151954384,364,Tube_D37,"Lampost 3, Bishopthorpe Road, outside house 26",R,460157,450988,IN,2,30,38.8,38.2,39.9,38.9,45.9,39.5,41.4,30.9,33.2,26.7,30.9,27,27.1,27.5,18.7,22.6,20.9,2
-1.08590581191426,53.9509973378526,365,Tube_D38,Lampost 2 Scarcroft Rd,R,460088,450929,IN,1.6,29.1,25.6,30.8,30.3,36.1,37.9,28.7,27.8,25,26.5,22.5,22,21.8,20.9,22.1,16.8,18.2,16.6,2.7
-1.08440323958186,53.9521183906564,366,Tube_D39,Lampost 1 Bishopthorpe Road,R,460185,451055,IN,0.5,32.7,38.1,39,42.7,47.3,51.9,42.2,40.6,35.7,34,29,31.4,29.2,30.2,29.5,20.4,23.5,23.8,1.5
-1.07844358760149,53.9632629043769,367,Tube_D4,Lampost 11 Lord Mayor's Walk - opposite bike shop,R,460560,452300,IN,2.3,30.5,34,34.5,37.4,43.7,42.1,38,35.1,28.3,31.7,27.2,25.7,25.3,24.4,25.5,19.2,22.2,21.1,25.1
-1.08614295698869,53.9533989297354,368,Tube_D40,Lampost 16 Nunnery Lane,R,460069,451196,IN,1.6,31.5,29.7,33.2,31.4,36.9,41.5,35.2,32.4,30,31.5,28.1,29.2,25.8,25.6,25.5,18.9,21.7,19.2,3.3
-1.0825824626163,53.9649753020109,369,Tube_D41,Drainpipe of 55 Lord Mayor's Walk,R,460286,452487,IN,3.8,34,43.6,47.2,50.4,56.5,53.8,55,44.5,38.7,41.1,37.6,32.9,33.4,34.5,32.8,27.9,30.8,31.9,0.2
-1.08828839100378,53.9591495392395,370,Tube_D43,"Rougier Street Signpost 1, has “Except for Access” sign on it.",R,459920,451834,IN,0.3,44.4,49.4,48.3,54.5,68.7,68.3,59.6,48,45,47.9,40.4,42.4,41,44.4,43.6,34.2,36.9,39.3,113.9
-1.08546688344389,53.9613301728431,371,Tube_D44,Museum Street,R,460102,452079,IN,3.9,0,46.9,46.9,49.2,55.5,62.6,52.6,48.4,39.4,0,0,0,0,0,0,0,0,0,69.5
-1.0768069830802,53.959376525847,372,Tube_D45,Lampost 6 The Stonebow Opposite Windsors World of Shoes,R,460673,451869,IN,1,0,32,33.6,36.1,44.6,48.5,39.7,0,28.9,32.2,26.1,28.3,27.9,26.3,23.9,17.7,18.7,17.9,15.6
-1.0854477153176,53.9615097867996,373,Tube_D46,Drainpipe to right of door of 2 St Leonards Place,R,460103,452099,IN,4.7,0,44.8,48.8,50.9,52.3,58.1,54.8,49.2,38.7,42.6,0,0,0,0,0,0,0,0,82
-1.07660674473502,53.962233171488,374,Tube_D47,Lampost 8 Jewbury,R,460682,452187,IN,2.4,0,38.2,34.8,40.1,44,46.8,39.9,38.5,32.5,33.4,27.2,27.7,25.9,24.8,25.9,20.8,19.3,18,0.6
-1.08543180265022,53.9622376925956,375,Tube_D48,Outside De Grey House right hand side of side entrance gate post,R,460103,452180,IN,2.3,0,0,40.2,39.4,53.3,53,56.6,42.4,37.3,41.2,33.3,36.1,32.9,34.7,34.3,28,35.1,35.4,33.6
-1.07718483972733,53.9539866377458,376,Tube_D49,Lampost 1 Fishergate,R,460656,451269,IN,2.8,0,0,0,0,0,0,50,43.4,38.5,43.3,39.1,36.8,38,34.3,35,24.4,30,29.8,0.2
-1.07946287026587,53.9626595273317,377,Tube_D5,Lampost 1 - Ogleforth,B,460494,452232,OUT,1.3,24.8,23.5,26.1,26.6,27.8,27.6,25.1,25.2,20.6,21.4,0,0,0,0,0,0,0,0,0.3
-1.08144586229633,53.9577312961704,378,Tube_D50, Drainpipe side of Cardshop Coppergate,R,460371,451682,IN,1.9,0,0,0,0,0,0,0,0,42.8,44.3,41.9,40.3,37.7,37.9,34.7,27.2,29.1,29.4,
-1.09257695458199,53.9581753222037,379,Tube_D51,Inside Taxi Rank @ York Railway Station,R,459640,451722,OUT,40,0,0,0,0,0,0,0,0,62.6,65.3,57.1,56.5,58.6,57.7,55.5,34.4,35.9,41.4,
-1.07369085386636,53.9528003227881,380,Tube_D52,Lampost 3 Kent Street at side of car park,R,460887,451140,OUT,90,0,0,0,0,0,0,0,0,0,27.6,24.1,25.8,23.6,23.4,23.7,17.4,19.3,19.4,2
-1.08545189645915,53.9529442769375,381,Tube_D53,58 Nunnery Lane,R,460115,451146,IN,3.6,0,0,0,0,0,0,0,0,0,32.1,0,28.7,24.4,25.1,24.3,19.6,21.9,19.8,0.1
-1.08498546502265,53.9526710891372,382,Tube_D54,76 Nunnery Lane,R,460146,451116,IN,5.5,0,0,0,0,0,0,0,0,0,30.6,25.1,27.3,23.8,24.8,23.9,18.5,20.6,19.3,0.1
-1.0856982206889,53.961206099966,383,Tube_D55,Museum Street - Opposite Thomas's Pub,R,460087,452065,IN,2.2,0,0,0,0,0,0,0,0,0,39.8,42.6,48.8,35.1,37.4,38.2,33.5,44.9,39.2,1.8
-1.08100337402175,53.9577548793071,384,Tube_D56,"Three Tuns Pub, 12 Coppergate",R,460400,451685,IN,1.6,0,0,0,0,0,0,0,0,0,0,0,47.4,42.1,42.3,38.2,31.2,31.8,35.9,0.1
-1.08075503342283,53.9579597045305,385,Tube_D57,"Lampost 4, Pedestrian Crossing, Coppergate",R,460416,451708,IN,2.4,0,0,0,0,0,0,0,0,0,0,0,35.7,30.3,33.8,29.4,25,26.1,24.9,11.9
-1.08046077919489,53.9581731661358,386,Tube_D58,"Traffic lights, opposite Duttons, Coppergate",R,460435,451732,IN,0.1,0,0,0,0,0,0,0,0,0,0,0,38.9,38.7,36.8,34.6,26.1,29.5,31.2,8
-1.08568034871129,53.9620238707511,387,Tube_D59,Bus Stop outside 8/9 SLP,R,460087,452156,IN,2.7,0,0,0,0,0,0,0,0,0,0,0,44.7,41.2,39.2,39.7,35.4,43.2,44.7,1.8
-1.07831554864303,53.962156400115,388,Tube_D6,"Drainpipe of Margaret Phillipson Court, Aldwalk",B,460570,452177,OUT,2.6,25.9,22.1,27.8,28.7,28.6,31.2,27.7,27.7,24,22.6,18,20.5,17.9,15.8,19.5,13.5,16.2,14.8,0.2
-1.0825795899446,53.9595465353026,389,Tube_D60,No entry sign ourside Schuh Shoe Shop,R,460294,451883,OUT,1.7,0,0,0,0,0,0,0,0,0,0,0,21.7,22.3,20.5,21.4,15.6,14.2,15.7,
-1.07584631610231,53.9600881869164,390,Tube_D7,Peasholme Green outside hostel,R,460735,451949,OUT,0.6,31.5,36,41.2,38.5,44.1,45.4,34.7,36.2,29.7,0,0,0,0,0,0,0,0,0,10.6
-1.0786407398825,53.9591569016792,391,Tube_D8,"Lampost 2, The Stonebow - outside Jorvick café",R,460553,451843,OUT,0.5,32.7,32.5,41.2,48.4,54.9,62,49.4,42.9,40.1,41.4,36.3,36.9,31.5,34.1,31.7,28.4,32.2,33,27.3
-1.07960578669319,53.9637841199504,392,Tube_D9,"Lampost 8, Lord Mayor's Walk outside no 34",R,460483,452357,IN,0.1,41.1,38.2,47.4,47.1,50,55.6,47.7,42.6,38.4,36.6,31.7,34.1,31.7,32.6,33.6,25.3,27.7,31,1.8
